id,root_pred
1,8
2,44
3,19
4,15
5,6
6,16
7,2
8,3
9,1
10,6
11,19
12,9
13,35
14,6
15,11
16,13
17,21
18,11
19,27
20,21
21,3
22,13
23,3
24,5
25,39
26,25
27,2
28,29
29,1
30,9
31,5
32,25
33,7
34,14
35,9
36,14
37,12
38,22
39,19
40,28
41,18
42,3
43,8
44,12
45,25
46,25
47,5
48,16
49,1
50,5
51,2
52,3
53,29
54,3
55,13
56,2
57,38
58,7
59,29
60,2
61,3
62,17
63,1
64,27
65,10
66,4
67,10
68,22
69,6
70,20
71,20
72,37
73,20
74,3
75,13
76,7
77,25
78,3
79,21
80,13
81,6
82,5
83,4
84,13
85,11
86,1
87,32
88,8
89,17
90,19
91,9
92,12
93,26
94,25
95,9
96,20
97,1
98,7
99,17
100,6
101,5
102,6
103,7
104,24
105,15
106,6
107,17
108,4
109,25
110,15
111,2
112,30
113,42
114,10
115,1
116,10
117,30
118,16
119,4
120,21
121,11
122,3
123,12
124,18
125,10
126,12
127,9
128,23
129,25
130,21
131,32
132,2
133,3
134,20
135,6
136,13
137,14
138,20
139,12
140,8
141,9
142,4
143,15
144,7
145,5
146,16
147,3
148,7
149,16
150,3
151,8
152,16
153,12
154,10
155,7
156,13
157,8
158,5
159,13
160,19
161,20
162,14
163,8
164,3
165,9
166,2
167,2
168,11
169,2
170,13
171,11
172,12
173,8
174,27
175,5
176,1
177,22
178,19
179,11
180,12
181,7
182,12
183,11
184,12
185,6
186,8
187,15
188,8
189,14
190,18
191,7
192,2
193,14
194,44
195,4
196,11
197,20
198,15
199,1
200,32
201,1
202,5
203,9
204,5
205,8
206,10
207,4
208,10
209,23
210,5
211,13
212,5
213,2
214,5
215,19
216,20
217,12
218,5
219,2
220,13
221,16
222,31
223,1
224,1
225,13
226,11
227,8
228,9
229,13
230,10
231,11
232,1
233,13
234,20
235,5
236,24
237,13
238,3
239,1
240,19
241,16
242,5
243,13
244,1
245,39
246,9
247,1
248,27
249,9
250,13
251,6
252,1
253,13
254,14
255,11
256,15
257,25
258,3
259,25
260,54
261,12
262,33
263,2
264,7
265,8
266,26
267,37
268,6
269,19
270,9
271,21
272,9
273,26
274,18
275,17
276,36
277,28
278,9
279,6
280,23
281,18
282,14
283,35
284,6
285,17
286,10
287,29
288,8
289,7
290,10
291,9
292,8
293,37
294,29
295,1
296,15
297,15
298,16
299,1
300,24
301,21
302,12
303,7
304,14
305,27
306,13
307,9
308,18
309,8
310,12
311,7
312,2
313,18
314,32
315,42
316,16
317,27
318,11
319,4
320,13
321,18
322,17
323,15
324,2
325,31
326,23
327,7
328,20
329,2
330,18
331,1
332,1
333,4
334,6
335,5
336,6
337,19
338,5
339,12
340,27
341,7
342,15
343,9
344,9
345,5
346,13
347,7
348,16
349,13
350,1
351,15
352,1
353,18
354,15
355,8
356,41
357,2
358,17
359,9
360,21
361,9
362,9
363,11
364,29
365,3
366,4
367,2
368,1
369,3
370,16
371,19
372,15
373,13
374,11
375,29
376,1
377,13
378,1
379,13
380,26
381,8
382,20
383,9
384,1
385,9
386,24
387,10
388,10
389,17
390,4
391,8
392,14
393,16
394,32
395,6
396,3
397,11
398,18
399,14
400,5
401,6
402,20
403,17
404,3
405,3
406,9
407,12
408,15
409,17
410,8
411,21
412,1
413,10
414,5
415,16
416,4
417,28
418,8
419,4
420,7
421,5
422,12
423,9
424,4
425,15
426,8
427,14
428,13
429,4
430,8
431,4
432,8
433,32
434,20
435,7
436,15
437,18
438,15
439,13
440,31
441,7
442,5
443,21
444,7
445,10
446,2
447,8
448,16
449,19
450,8
451,10
452,11
453,13
454,12
455,24
456,20
457,13
458,7
459,6
460,22
461,25
462,21
463,16
464,3
465,14
466,8
467,12
468,33
469,33
470,3
471,9
472,32
473,4
474,10
475,24
476,20
477,1
478,3
479,10
480,26
481,7
482,11
483,13
484,26
485,12
486,21
487,21
488,29
489,14
490,10
491,20
492,16
493,13
494,23
495,3
496,14
497,15
498,6
499,7
500,5
501,3
502,1
503,8
504,10
505,2
506,13
507,10
508,3
509,6
510,11
511,7
512,6
513,10
514,1
515,6
516,4
517,3
518,4
519,11
520,7
521,5
522,6
523,4
524,7
525,21
526,5
527,1
528,5
529,7
530,9
531,1
532,12
533,10
534,10
535,5
536,9
537,8
538,5
539,3
540,9
541,7
542,8
543,8
544,12
545,17
546,8
547,6
548,18
549,21
550,5
551,2
552,18
553,20
554,9
555,7
556,5
557,9
558,3
559,19
560,6
561,4
562,5
563,13
564,4
565,13
566,2
567,1
568,3
569,1
570,1
571,14
572,13
573,11
574,13
575,18
576,14
577,4
578,12
579,12
580,14
581,7
582,5
583,9
584,15
585,14
586,9
587,7
588,9
589,1
590,14
591,10
592,7
593,19
594,7
595,3
596,11
597,4
598,2
599,9
600,4
601,4
602,18
603,3
604,3
605,11
606,1
607,11
608,12
609,6
610,1
611,3
612,13
613,3
614,8
615,10
616,7
617,15
618,3
619,17
620,10
621,17
622,5
623,4
624,15
625,11
626,7
627,4
628,3
629,13
630,2
631,8
632,1
633,2
634,5
635,6
636,6
637,10
638,3
639,7
640,4
641,5
642,5
643,1
644,6
645,5
646,4
647,12
648,9
649,9
650,4
651,14
652,8
653,7
654,3
655,8
656,11
657,10
658,4
659,1
660,4
661,5
662,5
663,12
664,7
665,1
666,11
667,2
668,4
669,9
670,1
671,7
672,11
673,10
674,12
675,7
676,5
677,12
678,2
679,5
680,2
681,7
682,9
683,2
684,1
685,11
686,8
687,8
688,14
689,13
690,15
691,2
692,20
693,3
694,6
695,12
696,1
697,5
698,2
699,7
700,15
701,2
702,1
703,3
704,10
705,12
706,3
707,3
708,8
709,4
710,8
711,17
712,2
713,3
714,15
715,4
716,10
717,3
718,3
719,1
720,5
721,6
722,7
723,3
724,9
725,2
726,3
727,6
728,3
729,6
730,6
731,4
732,11
733,6
734,16
735,1
736,8
737,10
738,3
739,2
740,9
741,9
742,6
743,5
744,3
745,14
746,6
747,5
748,2
749,1
750,5
751,2
752,3
753,10
754,1
755,28
756,17
757,14
758,1
759,12
760,12
761,10
762,6
763,5
764,4
765,8
766,10
767,10
768,3
769,3
770,29
771,9
772,16
773,2
774,4
775,3
776,3
777,1
778,17
779,6
780,1
781,9
782,3
783,7
784,3
785,2
786,9
787,1
788,7
789,12
790,7
791,13
792,14
793,7
794,5
795,5
796,7
797,2
798,18
799,4
800,5
801,1
802,8
803,3
804,2
805,7
806,12
807,18
808,4
809,18
810,6
811,6
812,14
813,3
814,8
815,21
816,8
817,4
818,1
819,3
820,9
821,7
822,4
823,4
824,1
825,6
826,5
827,5
828,3
829,5
830,1
831,14
832,6
833,2
834,4
835,10
836,4
837,2
838,17
839,7
840,12
841,1
842,8
843,7
844,13
845,5
846,7
847,1
848,13
849,6
850,5
851,4
852,3
853,11
854,10
855,6
856,2
857,8
858,8
859,4
860,3
861,3
862,1
863,10
864,11
865,3
866,3
867,1
868,9
869,6
870,9
871,3
872,5
873,1
874,2
875,8
876,1
877,6
878,2
879,3
880,8
881,5
882,3
883,4
884,6
885,1
886,4
887,6
888,2
889,4
890,5
891,4
892,6
893,12
894,8
895,12
896,7
897,9
898,5
899,13
900,1
901,1
902,6
903,9
904,3
905,1
906,10
907,2
908,2
909,2
910,8
911,7
912,22
913,5
914,5
915,2
916,13
917,5
918,4
919,1
920,7
921,4
922,4
923,5
924,7
925,7
926,8
927,10
928,13
929,12
930,1
931,3
932,16
933,5
934,6
935,12
936,5
937,9
938,10
939,1
940,5
941,10
942,1
943,2
944,12
945,4
946,2
947,13
948,9
949,5
950,5
951,13
952,4
953,7
954,1
955,2
956,1
957,5
958,3
959,1
960,6
961,3
962,4
963,13
964,14
965,1
966,13
967,19
968,2
969,11
970,8
971,9
972,8
973,8
974,2
975,21
976,4
977,6
978,6
979,21
980,12
981,10
982,9
983,11
984,6
985,5
986,13
987,15
988,23
989,12
990,9
991,35
992,7
993,18
994,4
995,6
996,15
997,4
998,20
999,18
1000,2
1001,35
1002,2
1003,6
1004,1
1005,34
1006,6
1007,17
1008,18
1009,8
1010,1
1011,5
1012,18
1013,6
1014,12
1015,33
1016,17
1017,9
1018,25
1019,9
1020,24
1021,11
1022,11
1023,11
1024,1
1025,7
1026,9
1027,18
1028,18
1029,12
1030,8
1031,10
1032,17
1033,1
1034,3
1035,1
1036,9
1037,1
1038,13
1039,4
1040,31
1041,1
1042,18
1043,9
1044,23
1045,18
1046,23
1047,8
1048,22
1049,26
1050,17
1051,4
1052,33
1053,6
1054,16
1055,15
1056,3
1057,23
1058,17
1059,14
1060,24
1061,3
1062,2
1063,16
1064,3
1065,1
1066,5
1067,10
1068,1
1069,4
1070,15
1071,1
1072,15
1073,6
1074,1
1075,15
1076,6
1077,21
1078,18
1079,3
1080,21
1081,27
1082,1
1083,27
1084,11
1085,9
1086,1
1087,2
1088,2
1089,5
1090,18
1091,11
1092,4
1093,6
1094,22
1095,18
1096,3
1097,16
1098,6
1099,12
1100,11
1101,3
1102,34
1103,27
1104,12
1105,20
1106,13
1107,27
1108,16
1109,11
1110,17
1111,3
1112,14
1113,6
1114,7
1115,12
1116,9
1117,5
1118,17
1119,10
1120,3
1121,20
1122,3
1123,11
1124,2
1125,2
1126,7
1127,2
1128,19
1129,2
1130,8
1131,8
1132,4
1133,12
1134,10
1135,3
1136,8
1137,1
1138,6
1139,6
1140,16
1141,1
1142,26
1143,6
1144,23
1145,4
1146,2
1147,2
1148,2
1149,11
1150,13
1151,6
1152,11
1153,8
1154,20
1155,18
1156,12
1157,8
1158,3
1159,20
1160,10
1161,4
1162,6
1163,11
1164,29
1165,6
1166,4
1167,11
1168,5
1169,12
1170,13
1171,14
1172,18
1173,8
1174,17
1175,8
1176,4
1177,12
1178,3
1179,14
1180,14
1181,8
1182,3
1183,9
1184,26
1185,13
1186,3
1187,8
1188,9
1189,17
1190,19
1191,3
1192,8
1193,2
1194,19
1195,16
1196,28
1197,6
1198,28
1199,3
1200,3
1201,7
1202,17
1203,2
1204,28
1205,8
1206,12
1207,2
1208,2
1209,2
1210,6
1211,19
1212,16
1213,15
1214,9
1215,33
1216,1
1217,4
1218,3
1219,15
1220,12
1221,10
1222,1
1223,15
1224,10
1225,10
1226,6
1227,1
1228,1
1229,2
1230,9
1231,16
1232,13
1233,4
1234,6
1235,15
1236,9
1237,17
1238,6
1239,15
1240,17
1241,20
1242,14
1243,7
1244,2
1245,2
1246,3
1247,6
1248,8
1249,5
1250,41
1251,26
1252,25
1253,14
1254,16
1255,16
1256,21
1257,27
1258,3
1259,1
1260,12
1261,18
1262,6
1263,5
1264,30
1265,53
1266,3
1267,20
1268,9
1269,8
1270,15
1271,14
1272,2
1273,3
1274,4
1275,5
1276,15
1277,24
1278,4
1279,1
1280,3
1281,12
1282,7
1283,27
1284,11
1285,22
1286,1
1287,12
1288,10
1289,9
1290,7
1291,11
1292,5
1293,9
1294,26
1295,4
1296,15
1297,18
1298,15
1299,13
1300,19
1301,20
1302,22
1303,34
1304,5
1305,12
1306,18
1307,22
1308,7
1309,1
1310,11
1311,1
1312,3
1313,6
1314,13
1315,11
1316,18
1317,10
1318,12
1319,13
1320,20
1321,1
1322,6
1323,11
1324,18
1325,20
1326,29
1327,7
1328,10
1329,7
1330,5
1331,13
1332,14
1333,15
1334,14
1335,6
1336,6
1337,18
1338,8
1339,6
1340,10
1341,13
1342,20
1343,12
1344,12
1345,14
1346,25
1347,1
1348,11
1349,4
1350,15
1351,16
1352,6
1353,12
1354,10
1355,9
1356,6
1357,7
1358,26
1359,16
1360,4
1361,4
1362,9
1363,17
1364,4
1365,29
1366,1
1367,15
1368,13
1369,8
1370,1
1371,12
1372,23
1373,1
1374,7
1375,11
1376,22
1377,7
1378,9
1379,16
1380,7
1381,2
1382,5
1383,2
1384,19
1385,2
1386,19
1387,8
1388,13
1389,8
1390,7
1391,3
1392,9
1393,12
1394,23
1395,5
1396,15
1397,3
1398,12
1399,1
1400,10
1401,5
1402,4
1403,16
1404,7
1405,2
1406,11
1407,7
1408,14
1409,1
1410,6
1411,8
1412,6
1413,9
1414,6
1415,13
1416,11
1417,9
1418,8
1419,11
1420,5
1421,10
1422,7
1423,22
1424,1
1425,7
1426,8
1427,3
1428,17
1429,12
1430,23
1431,17
1432,11
1433,21
1434,3
1435,11
1436,14
1437,3
1438,11
1439,14
1440,1
1441,19
1442,26
1443,9
1444,12
1445,2
1446,21
1447,13
1448,5
1449,13
1450,24
1451,19
1452,10
1453,7
1454,4
1455,11
1456,1
1457,8
1458,15
1459,16
1460,2
1461,11
1462,3
1463,1
1464,13
1465,12
1466,5
1467,23
1468,18
1469,17
1470,11
1471,3
1472,5
1473,16
1474,24
1475,6
1476,1
1477,15
1478,16
1479,1
1480,11
1481,1
1482,18
1483,33
1484,9
1485,14
1486,11
1487,16
1488,24
1489,7
1490,6
1491,3
1492,1
1493,4
1494,11
1495,9
1496,21
1497,8
1498,4
1499,9
1500,3
1501,1
1502,15
1503,6
1504,20
1505,16
1506,8
1507,10
1508,2
1509,10
1510,7
1511,1
1512,5
1513,6
1514,9
1515,6
1516,10
1517,6
1518,3
1519,3
1520,1
1521,13
1522,8
1523,9
1524,10
1525,15
1526,8
1527,23
1528,16
1529,1
1530,20
1531,23
1532,13
1533,28
1534,9
1535,6
1536,4
1537,17
1538,11
1539,10
1540,12
1541,19
1542,1
1543,1
1544,24
1545,11
1546,4
1547,21
1548,1
1549,22
1550,20
1551,4
1552,6
1553,12
1554,13
1555,6
1556,10
1557,9
1558,12
1559,3
1560,9
1561,9
1562,9
1563,4
1564,9
1565,15
1566,10
1567,5
1568,17
1569,14
1570,3
1571,5
1572,18
1573,18
1574,13
1575,6
1576,17
1577,16
1578,8
1579,2
1580,25
1581,11
1582,8
1583,11
1584,8
1585,28
1586,3
1587,4
1588,1
1589,24
1590,18
1591,4
1592,17
1593,2
1594,2
1595,17
1596,5
1597,16
1598,7
1599,5
1600,23
1601,8
1602,10
1603,11
1604,2
1605,20
1606,17
1607,21
1608,3
1609,17
1610,1
1611,10
1612,3
1613,7
1614,1
1615,15
1616,25
1617,6
1618,11
1619,12
1620,8
1621,3
1622,8
1623,17
1624,1
1625,11
1626,6
1627,4
1628,3
1629,11
1630,3
1631,1
1632,5
1633,4
1634,10
1635,13
1636,4
1637,4
1638,13
1639,6
1640,10
1641,2
1642,10
1643,1
1644,2
1645,7
1646,10
1647,1
1648,8
1649,17
1650,13
1651,4
1652,6
1653,18
1654,5
1655,10
1656,19
1657,2
1658,4
1659,11
1660,12
1661,8
1662,10
1663,5
1664,6
1665,6
1666,9
1667,1
1668,8
1669,4
1670,9
1671,4
1672,8
1673,13
1674,8
1675,14
1676,1
1677,2
1678,26
1679,25
1680,24
1681,4
1682,1
1683,5
1684,17
1685,8
1686,6
1687,9
1688,4
1689,4
1690,17
1691,4
1692,9
1693,3
1694,17
1695,17
1696,5
1697,5
1698,3
1699,11
1700,2
1701,23
1702,5
1703,4
1704,6
1705,22
1706,12
1707,25
1708,4
1709,3
1710,4
1711,8
1712,7
1713,1
1714,16
1715,5
1716,7
1717,3
1718,11
1719,10
1720,4
1721,3
1722,10
1723,3
1724,19
1725,12
1726,8
1727,4
1728,3
1729,19
1730,29
1731,3
1732,10
1733,15
1734,11
1735,6
1736,9
1737,4
1738,4
1739,16
1740,3
1741,13
1742,18
1743,1
1744,20
1745,7
1746,12
1747,2
1748,12
1749,18
1750,14
1751,4
1752,9
1753,4
1754,2
1755,18
1756,9
1757,2
1758,4
1759,14
1760,37
1761,5
1762,19
1763,6
1764,13
1765,1
1766,7
1767,4
1768,22
1769,3
1770,3
1771,15
1772,22
1773,7
1774,22
1775,4
1776,17
1777,12
1778,12
1779,1
1780,14
1781,15
1782,12
1783,9
1784,8
1785,3
1786,11
1787,17
1788,28
1789,15
1790,1
1791,7
1792,23
1793,17
1794,6
1795,18
1796,8
1797,2
1798,10
1799,5
1800,31
1801,7
1802,2
1803,1
1804,8
1805,18
1806,12
1807,9
1808,7
1809,14
1810,10
1811,18
1812,10
1813,5
1814,2
1815,10
1816,4
1817,7
1818,4
1819,9
1820,13
1821,19
1822,9
1823,11
1824,6
1825,12
1826,8
1827,5
1828,15
1829,11
1830,2
1831,1
1832,12
1833,1
1834,22
1835,7
1836,18
1837,17
1838,12
1839,4
1840,10
1841,13
1842,1
1843,8
1844,4
1845,17
1846,5
1847,14
1848,8
1849,14
1850,5
1851,7
1852,5
1853,5
1854,11
1855,12
1856,15
1857,18
1858,36
1859,5
1860,12
1861,3
1862,23
1863,5
1864,8
1865,13
1866,3
1867,20
1868,9
1869,4
1870,13
1871,12
1872,6
1873,5
1874,11
1875,6
1876,1
1877,2
1878,17
1879,14
1880,9
1881,11
1882,6
1883,32
1884,3
1885,10
1886,10
1887,7
1888,12
1889,1
1890,18
1891,11
1892,3
1893,15
1894,7
1895,22
1896,4
1897,5
1898,12
1899,11
1900,6
1901,12
1902,16
1903,4
1904,8
1905,3
1906,14
1907,6
1908,6
1909,15
1910,1
1911,11
1912,1
1913,2
1914,15
1915,18
1916,2
1917,8
1918,20
1919,22
1920,5
1921,10
1922,11
1923,7
1924,10
1925,20
1926,13
1927,10
1928,16
1929,8
1930,12
1931,9
1932,14
1933,2
1934,15
1935,2
1936,19
1937,24
1938,10
1939,6
1940,16
1941,7
1942,5
1943,3
1944,12
1945,24
1946,13
1947,1
1948,5
1949,2
1950,18
1951,7
1952,5
1953,1
1954,17
1955,14
1956,16
1957,7
1958,1
1959,11
1960,10
1961,3
1962,16
1963,16
1964,6
1965,5
1966,6
1967,7
1968,3
1969,6
1970,9
1971,1
1972,9
1973,14
1974,25
1975,8
1976,10
1977,11
1978,17
1979,12
1980,5
1981,5
1982,1
1983,30
1984,10
1985,3
1986,13
1987,3
1988,18
1989,3
1990,7
1991,1
1992,2
1993,4
1994,10
1995,2
1996,6
1997,25
1998,2
1999,14
2000,28
2001,5
2002,2
2003,7
2004,2
2005,26
2006,15
2007,4
2008,14
2009,11
2010,19
2011,14
2012,13
2013,9
2014,15
2015,11
2016,12
2017,1
2018,8
2019,6
2020,1
2021,11
2022,17
2023,11
2024,4
2025,4
2026,8
2027,4
2028,23
2029,10
2030,20
2031,5
2032,14
2033,30
2034,22
2035,10
2036,2
2037,30
2038,28
2039,10
2040,15
2041,12
2042,38
2043,2
2044,9
2045,21
2046,12
2047,12
2048,12
2049,10
2050,12
2051,14
2052,2
2053,12
2054,5
2055,14
2056,15
2057,4
2058,7
2059,7
2060,6
2061,24
2062,1
2063,3
2064,4
2065,11
2066,1
2067,26
2068,6
2069,20
2070,7
2071,9
2072,3
2073,19
2074,21
2075,14
2076,13
2077,14
2078,14
2079,1
2080,2
2081,14
2082,6
2083,2
2084,31
2085,9
2086,3
2087,23
2088,6
2089,22
2090,7
2091,8
2092,1
2093,3
2094,15
2095,4
2096,13
2097,29
2098,12
2099,7
2100,4
2101,19
2102,7
2103,9
2104,17
2105,8
2106,25
2107,12
2108,22
2109,29
2110,12
2111,12
2112,6
2113,13
2114,18
2115,1
2116,15
2117,7
2118,11
2119,2
2120,12
2121,6
2122,1
2123,10
2124,13
2125,7
2126,8
2127,3
2128,7
2129,17
2130,8
2131,4
2132,2
2133,15
2134,5
2135,1
2136,2
2137,11
2138,14
2139,8
2140,13
2141,15
2142,12
2143,2
2144,20
2145,4
2146,14
2147,28
2148,14
2149,4
2150,7
2151,15
2152,8
2153,8
2154,20
2155,6
2156,8
2157,13
2158,19
2159,12
2160,9
2161,6
2162,17
2163,12
2164,1
2165,14
2166,1
2167,6
2168,8
2169,5
2170,14
2171,10
2172,11
2173,7
2174,16
2175,23
2176,19
2177,12
2178,4
2179,8
2180,17
2181,7
2182,15
2183,5
2184,8
2185,15
2186,27
2187,1
2188,2
2189,17
2190,6
2191,16
2192,17
2193,6
2194,22
2195,1
2196,12
2197,4
2198,3
2199,15
2200,3
2201,21
2202,25
2203,11
2204,10
2205,16
2206,15
2207,8
2208,11
2209,14
2210,15
2211,11
2212,5
2213,9
2214,3
2215,6
2216,19
2217,4
2218,7
2219,18
2220,7
2221,5
2222,1
2223,12
2224,29
2225,22
2226,16
2227,8
2228,11
2229,12
2230,26
2231,25
2232,19
2233,5
2234,14
2235,2
2236,14
2237,15
2238,8
2239,8
2240,18
2241,20
2242,22
2243,15
2244,26
2245,6
2246,15
2247,23
2248,2
2249,19
2250,6
2251,14
2252,1
2253,9
2254,5
2255,30
2256,16
2257,29
2258,7
2259,17
2260,24
2261,14
2262,6
2263,39
2264,3
2265,5
2266,13
2267,7
2268,7
2269,12
2270,7
2271,6
2272,10
2273,32
2274,6
2275,3
2276,15
2277,4
2278,12
2279,7
2280,13
2281,13
2282,23
2283,14
2284,21
2285,18
2286,9
2287,5
2288,1
2289,10
2290,21
2291,1
2292,16
2293,21
2294,19
2295,49
2296,10
2297,23
2298,12
2299,16
2300,33
2301,12
2302,2
2303,5
2304,14
2305,2
2306,23
2307,1
2308,2
2309,13
2310,2
2311,5
2312,4
2313,3
2314,26
2315,19
2316,31
2317,20
2318,5
2319,4
2320,25
2321,9
2322,1
2323,16
2324,18
2325,18
2326,6
2327,35
2328,3
2329,11
2330,1
2331,16
2332,24
2333,23
2334,4
2335,5
2336,24
2337,2
2338,17
2339,7
2340,22
2341,23
2342,7
2343,5
2344,21
2345,1
2346,5
2347,12
2348,19
2349,15
2350,15
2351,16
2352,2
2353,4
2354,2
2355,14
2356,3
2357,14
2358,10
2359,8
2360,8
2361,1
2362,6
2363,6
2364,3
2365,16
2366,11
2367,5
2368,10
2369,36
2370,3
2371,5
2372,3
2373,18
2374,15
2375,9
2376,11
2377,12
2378,28
2379,22
2380,15
2381,7
2382,12
2383,26
2384,8
2385,16
2386,12
2387,1
2388,2
2389,5
2390,22
2391,14
2392,5
2393,5
2394,10
2395,13
2396,17
2397,19
2398,14
2399,7
2400,3
2401,9
2402,9
2403,4
2404,23
2405,5
2406,4
2407,13
2408,7
2409,3
2410,12
2411,18
2412,13
2413,1
2414,4
2415,2
2416,6
2417,22
2418,20
2419,20
2420,28
2421,17
2422,4
2423,9
2424,2
2425,12
2426,17
2427,7
2428,17
2429,14
2430,8
2431,10
2432,14
2433,9
2434,11
2435,22
2436,2
2437,11
2438,3
2439,6
2440,5
2441,3
2442,15
2443,9
2444,5
2445,5
2446,4
2447,2
2448,24
2449,13
2450,3
2451,17
2452,23
2453,9
2454,15
2455,2
2456,5
2457,5
2458,1
2459,16
2460,36
2461,18
2462,7
2463,15
2464,16
2465,15
2466,6
2467,8
2468,9
2469,18
2470,18
2471,3
2472,15
2473,4
2474,4
2475,5
2476,12
2477,28
2478,34
2479,1
2480,7
2481,13
2482,3
2483,10
2484,13
2485,4
2486,45
2487,1
2488,17
2489,11
2490,2
2491,14
2492,23
2493,6
2494,25
2495,14
2496,9
2497,11
2498,10
2499,5
2500,35
2501,16
2502,7
2503,2
2504,3
2505,37
2506,4
2507,6
2508,7
2509,5
2510,13
2511,7
2512,17
2513,12
2514,8
2515,24
2516,13
2517,14
2518,5
2519,10
2520,11
2521,25
2522,1
2523,32
2524,11
2525,22
2526,17
2527,17
2528,35
2529,25
2530,8
2531,24
2532,31
2533,18
2534,8
2535,9
2536,4
2537,37
2538,3
2539,10
2540,7
2541,4
2542,19
2543,6
2544,1
2545,22
2546,14
2547,18
2548,6
2549,6
2550,4
2551,13
2552,10
2553,7
2554,17
2555,12
2556,1
2557,5
2558,13
2559,14
2560,1
2561,12
2562,20
2563,10
2564,14
2565,12
2566,23
2567,18
2568,15
2569,18
2570,6
2571,13
2572,13
2573,5
2574,7
2575,13
2576,3
2577,1
2578,1
2579,9
2580,20
2581,5
2582,12
2583,11
2584,20
2585,17
2586,10
2587,36
2588,33
2589,1
2590,13
2591,2
2592,34
2593,24
2594,13
2595,14
2596,11
2597,13
2598,4
2599,3
2600,14
2601,26
2602,7
2603,7
2604,23
2605,5
2606,1
2607,3
2608,25
2609,9
2610,10
2611,8
2612,5
2613,6
2614,3
2615,12
2616,2
2617,4
2618,9
2619,2
2620,11
2621,13
2622,7
2623,15
2624,5
2625,13
2626,5
2627,19
2628,12
2629,11
2630,3
2631,4
2632,1
2633,18
2634,10
2635,2
2636,5
2637,19
2638,8
2639,5
2640,20
2641,8
2642,22
2643,24
2644,3
2645,17
2646,14
2647,11
2648,15
2649,18
2650,8
2651,5
2652,6
2653,7
2654,21
2655,1
2656,5
2657,3
2658,8
2659,14
2660,17
2661,5
2662,12
2663,14
2664,6
2665,16
2666,17
2667,1
2668,29
2669,10
2670,25
2671,17
2672,17
2673,10
2674,13
2675,2
2676,15
2677,1
2678,11
2679,12
2680,10
2681,21
2682,4
2683,15
2684,6
2685,22
2686,12
2687,3
2688,6
2689,12
2690,16
2691,7
2692,3
2693,2
2694,22
2695,32
2696,16
2697,14
2698,14
2699,5
2700,4
2701,19
2702,11
2703,5
2704,8
2705,6
2706,4
2707,3
2708,9
2709,12
2710,15
2711,2
2712,14
2713,18
2714,5
2715,1
2716,5
2717,7
2718,9
2719,12
2720,21
2721,14
2722,6
2723,5
2724,12
2725,7
2726,29
2727,21
2728,4
2729,6
2730,11
2731,3
2732,1
2733,11
2734,32
2735,15
2736,21
2737,25
2738,24
2739,24
2740,17
2741,1
2742,19
2743,7
2744,6
2745,24
2746,13
2747,10
2748,25
2749,5
2750,22
2751,19
2752,1
2753,12
2754,3
2755,23
2756,11
2757,5
2758,18
2759,1
2760,5
2761,12
2762,15
2763,2
2764,21
2765,4
2766,6
2767,7
2768,24
2769,1
2770,7
2771,5
2772,11
2773,12
2774,9
2775,9
2776,9
2777,33
2778,18
2779,16
2780,17
2781,7
2782,23
2783,13
2784,2
2785,18
2786,24
2787,21
2788,6
2789,22
2790,11
2791,9
2792,8
2793,9
2794,14
2795,23
2796,20
2797,4
2798,7
2799,15
2800,14
2801,22
2802,1
2803,9
2804,6
2805,18
2806,5
2807,1
2808,6
2809,5
2810,24
2811,20
2812,22
2813,1
2814,8
2815,3
2816,9
2817,8
2818,20
2819,1
2820,19
2821,10
2822,34
2823,4
2824,16
2825,16
2826,3
2827,9
2828,3
2829,5
2830,13
2831,20
2832,7
2833,7
2834,3
2835,4
2836,8
2837,2
2838,12
2839,14
2840,11
2841,9
2842,6
2843,4
2844,8
2845,29
2846,8
2847,21
2848,11
2849,20
2850,21
2851,4
2852,3
2853,4
2854,1
2855,6
2856,15
2857,2
2858,7
2859,7
2860,12
2861,20
2862,3
2863,9
2864,30
2865,13
2866,7
2867,18
2868,6
2869,19
2870,3
2871,17
2872,6
2873,33
2874,33
2875,7
2876,5
2877,16
2878,1
2879,16
2880,13
2881,14
2882,4
2883,16
2884,4
2885,15
2886,22
2887,3
2888,7
2889,1
2890,8
2891,17
2892,10
2893,1
2894,4
2895,9
2896,22
2897,7
2898,8
2899,15
2900,4
2901,7
2902,12
2903,2
2904,8
2905,22
2906,19
2907,6
2908,3
2909,2
2910,16
2911,14
2912,12
2913,3
2914,9
2915,2
2916,14
2917,7
2918,13
2919,13
2920,4
2921,3
2922,8
2923,10
2924,19
2925,5
2926,4
2927,29
2928,5
2929,10
2930,8
2931,9
2932,9
2933,3
2934,12
2935,14
2936,11
2937,4
2938,16
2939,2
2940,27
2941,8
2942,10
2943,29
2944,3
2945,9
2946,23
2947,17
2948,18
2949,6
2950,4
2951,5
2952,26
2953,26
2954,1
2955,4
2956,4
2957,10
2958,18
2959,13
2960,2
2961,23
2962,6
2963,11
2964,18
2965,28
2966,5
2967,14
2968,7
2969,24
2970,2
2971,30
2972,18
2973,22
2974,7
2975,3
2976,5
2977,6
2978,4
2979,1
2980,12
2981,20
2982,13
2983,24
2984,9
2985,18
2986,9
2987,31
2988,17
2989,24
2990,6
2991,10
2992,3
2993,4
2994,14
2995,25
2996,6
2997,1
2998,24
2999,9
3000,31
3001,6
3002,19
3003,2
3004,2
3005,12
3006,15
3007,2
3008,31
3009,1
3010,25
3011,3
3012,14
3013,17
3014,5
3015,25
3016,21
3017,5
3018,19
3019,17
3020,8
3021,1
3022,10
3023,16
3024,22
3025,14
3026,24
3027,26
3028,14
3029,12
3030,9
3031,1
3032,29
3033,10
3034,7
3035,19
3036,3
3037,13
3038,9
3039,8
3040,16
3041,3
3042,20
3043,6
3044,1
3045,4
3046,23
3047,24
3048,9
3049,8
3050,19
3051,19
3052,2
3053,9
3054,7
3055,19
3056,5
3057,23
3058,5
3059,11
3060,7
3061,18
3062,19
3063,26
3064,9
3065,24
3066,20
3067,12
3068,1
3069,6
3070,6
3071,21
3072,3
3073,6
3074,14
3075,8
3076,1
3077,12
3078,3
3079,14
3080,17
3081,6
3082,1
3083,11
3084,3
3085,3
3086,11
3087,29
3088,8
3089,5
3090,23
3091,2
3092,21
3093,8
3094,18
3095,2
3096,15
3097,8
3098,1
3099,7
3100,3
3101,1
3102,1
3103,6
3104,1
3105,6
3106,6
3107,4
3108,13
3109,1
3110,9
3111,3
3112,13
3113,13
3114,11
3115,1
3116,8
3117,1
3118,2
3119,13
3120,8
3121,9
3122,23
3123,18
3124,3
3125,3
3126,7
3127,14
3128,14
3129,19
3130,7
3131,20
3132,9
3133,2
3134,18
3135,4
3136,5
3137,29
3138,11
3139,21
3140,21
3141,10
3142,7
3143,2
3144,1
3145,13
3146,7
3147,9
3148,17
3149,21
3150,8
3151,5
3152,15
3153,13
3154,8
3155,15
3156,15
3157,7
3158,9
3159,2
3160,14
3161,10
3162,8
3163,16
3164,2
3165,12
3166,16
3167,7
3168,4
3169,18
3170,22
3171,10
3172,13
3173,12
3174,10
3175,4
3176,35
3177,8
3178,3
3179,2
3180,12
3181,19
3182,14
3183,6
3184,18
3185,4
3186,15
3187,2
3188,6
3189,3
3190,1
3191,14
3192,6
3193,16
3194,10
3195,15
3196,14
3197,4
3198,11
3199,10
3200,8
3201,3
3202,23
3203,9
3204,23
3205,14
3206,6
3207,4
3208,11
3209,33
3210,9
3211,14
3212,3
3213,10
3214,18
3215,21
3216,3
3217,1
3218,18
3219,15
3220,16
3221,13
3222,19
3223,2
3224,20
3225,7
3226,28
3227,11
3228,9
3229,26
3230,39
3231,22
3232,28
3233,17
3234,21
3235,7
3236,3
3237,28
3238,3
3239,8
3240,25
3241,16
3242,8
3243,5
3244,20
3245,46
3246,8
3247,1
3248,11
3249,17
3250,22
3251,10
3252,5
3253,34
3254,1
3255,1
3256,3
3257,10
3258,2
3259,10
3260,7
3261,23
3262,10
3263,22
3264,7
3265,9
3266,12
3267,1
3268,15
3269,2
3270,17
3271,6
3272,11
3273,31
3274,22
3275,13
3276,3
3277,17
3278,8
3279,5
3280,12
3281,10
3282,13
3283,31
3284,18
3285,8
3286,10
3287,13
3288,6
3289,19
3290,29
3291,5
3292,17
3293,1
3294,1
3295,16
3296,14
3297,1
3298,8
3299,10
3300,10
3301,4
3302,9
3303,8
3304,21
3305,3
3306,12
3307,19
3308,3
3309,3
3310,7
3311,11
3312,10
3313,20
3314,20
3315,15
3316,2
3317,3
3318,4
3319,21
3320,1
3321,20
3322,23
3323,19
3324,13
3325,9
3326,5
3327,3
3328,9
3329,10
3330,3
3331,5
3332,11
3333,5
3334,13
3335,8
3336,6
3337,4
3338,3
3339,12
3340,7
3341,9
3342,13
3343,16
3344,13
3345,25
3346,1
3347,7
3348,7
3349,12
3350,6
3351,11
3352,22
3353,6
3354,2
3355,8
3356,15
3357,2
3358,12
3359,29
3360,8
3361,1
3362,4
3363,14
3364,32
3365,7
3366,17
3367,7
3368,23
3369,23
3370,12
3371,7
3372,11
3373,9
3374,16
3375,11
3376,13
3377,12
3378,3
3379,1
3380,5
3381,21
3382,2
3383,4
3384,10
3385,15
3386,13
3387,19
3388,8
3389,11
3390,6
3391,1
3392,8
3393,4
3394,20
3395,14
3396,3
3397,11
3398,7
3399,11
3400,23
3401,13
3402,9
3403,7
3404,22
3405,7
3406,1
3407,23
3408,11
3409,23
3410,12
3411,18
3412,2
3413,15
3414,6
3415,5
3416,10
3417,5
3418,17
3419,10
3420,4
3421,8
3422,14
3423,12
3424,6
3425,16
3426,17
3427,1
3428,1
3429,13
3430,7
3431,11
3432,8
3433,3
3434,1
3435,3
3436,4
3437,12
3438,9
3439,1
3440,10
3441,9
3442,19
3443,10
3444,8
3445,12
3446,9
3447,24
3448,16
3449,1
3450,9
3451,14
3452,6
3453,22
3454,7
3455,12
3456,21
3457,13
3458,17
3459,25
3460,9
3461,27
3462,4
3463,27
3464,6
3465,3
3466,33
3467,25
3468,26
3469,8
3470,6
3471,6
3472,1
3473,12
3474,12
3475,12
3476,27
3477,11
3478,15
3479,8
3480,14
3481,3
3482,14
3483,14
3484,15
3485,9
3486,7
3487,9
3488,5
3489,6
3490,10
3491,7
3492,1
3493,16
3494,7
3495,28
3496,7
3497,12
3498,1
3499,9
3500,15
3501,1
3502,17
3503,15
3504,18
3505,23
3506,4
3507,14
3508,9
3509,12
3510,21
3511,15
3512,8
3513,7
3514,11
3515,21
3516,16
3517,6
3518,10
3519,21
3520,14
3521,18
3522,5
3523,14
3524,11
3525,5
3526,3
3527,11
3528,5
3529,4
3530,2
3531,3
3532,13
3533,5
3534,1
3535,9
3536,11
3537,17
3538,12
3539,2
3540,8
3541,10
3542,12
3543,11
3544,20
3545,12
3546,13
3547,7
3548,10
3549,18
3550,6
3551,9
3552,19
3553,14
3554,8
3555,18
3556,18
3557,3
3558,8
3559,2
3560,11
3561,17
3562,3
3563,20
3564,11
3565,15
3566,22
3567,3
3568,5
3569,19
3570,14
3571,4
3572,21
3573,1
3574,14
3575,18
3576,5
3577,2
3578,27
3579,2
3580,5
3581,9
3582,14
3583,9
3584,1
3585,2
3586,10
3587,15
3588,6
3589,17
3590,3
3591,13
3592,9
3593,13
3594,3
3595,8
3596,25
3597,6
3598,18
3599,8
3600,9
3601,5
3602,7
3603,19
3604,5
3605,5
3606,4
3607,11
3608,10
3609,13
3610,13
3611,1
3612,4
3613,8
3614,5
3615,12
3616,8
3617,7
3618,2
3619,4
3620,7
3621,14
3622,2
3623,15
3624,12
3625,13
3626,15
3627,1
3628,5
3629,13
3630,5
3631,4
3632,12
3633,2
3634,12
3635,9
3636,12
3637,3
3638,9
3639,7
3640,8
3641,2
3642,12
3643,8
3644,3
3645,10
3646,4
3647,10
3648,12
3649,10
3650,13
3651,4
3652,4
3653,8
3654,14
3655,15
3656,9
3657,3
3658,13
3659,1
3660,13
3661,10
3662,5
3663,2
3664,12
3665,22
3666,14
3667,11
3668,8
3669,12
3670,12
3671,22
3672,3
3673,13
3674,7
3675,4
3676,1
3677,14
3678,9
3679,8
3680,2
3681,5
3682,1
3683,2
3684,2
3685,20
3686,7
3687,14
3688,4
3689,6
3690,1
3691,5
3692,9
3693,7
3694,7
3695,4
3696,7
3697,5
3698,10
3699,2
3700,7
3701,4
3702,4
3703,7
3704,1
3705,5
3706,7
3707,13
3708,11
3709,6
3710,2
3711,9
3712,5
3713,4
3714,3
3715,5
3716,17
3717,18
3718,9
3719,8
3720,3
3721,4
3722,1
3723,3
3724,11
3725,20
3726,16
3727,11
3728,10
3729,13
3730,4
3731,6
3732,17
3733,2
3734,9
3735,17
3736,5
3737,6
3738,6
3739,2
3740,25
3741,5
3742,16
3743,2
3744,4
3745,21
3746,1
3747,4
3748,28
3749,2
3750,5
3751,9
3752,14
3753,10
3754,5
3755,8
3756,2
3757,3
3758,16
3759,7
3760,17
3761,10
3762,3
3763,3
3764,3
3765,5
3766,9
3767,26
3768,17
3769,11
3770,6
3771,12
3772,2
3773,9
3774,4
3775,19
3776,7
3777,3
3778,1
3779,11
3780,9
3781,12
3782,18
3783,8
3784,11
3785,1
3786,4
3787,7
3788,2
3789,1
3790,15
3791,5
3792,7
3793,7
3794,8
3795,20
3796,5
3797,7
3798,5
3799,3
3800,11
3801,23
3802,7
3803,12
3804,1
3805,17
3806,3
3807,1
3808,14
3809,29
3810,14
3811,5
3812,15
3813,4
3814,22
3815,3
3816,10
3817,1
3818,2
3819,1
3820,4
3821,3
3822,4
3823,11
3824,2
3825,16
3826,2
3827,12
3828,9
3829,13
3830,7
3831,15
3832,1
3833,3
3834,4
3835,14
3836,19
3837,6
3838,27
3839,1
3840,23
3841,2
3842,12
3843,6
3844,12
3845,7
3846,7
3847,21
3848,4
3849,4
3850,8
3851,1
3852,1
3853,2
3854,4
3855,6
3856,5
3857,10
3858,11
3859,7
3860,8
3861,7
3862,2
3863,13
3864,6
3865,8
3866,1
3867,17
3868,8
3869,20
3870,6
3871,1
3872,7
3873,9
3874,2
3875,2
3876,9
3877,5
3878,27
3879,1
3880,8
3881,16
3882,9
3883,8
3884,3
3885,1
3886,10
3887,10
3888,8
3889,4
3890,7
3891,8
3892,16
3893,2
3894,11
3895,15
3896,3
3897,10
3898,25
3899,12
3900,8
3901,1
3902,14
3903,8
3904,13
3905,10
3906,16
3907,5
3908,3
3909,1
3910,5
3911,5
3912,4
3913,4
3914,11
3915,3
3916,9
3917,16
3918,2
3919,10
3920,12
3921,2
3922,8
3923,10
3924,13
3925,14
3926,6
3927,10
3928,8
3929,2
3930,9
3931,10
3932,6
3933,10
3934,10
3935,11
3936,5
3937,26
3938,12
3939,8
3940,12
3941,11
3942,6
3943,11
3944,19
3945,5
3946,2
3947,8
3948,4
3949,16
3950,9
3951,14
3952,10
3953,1
3954,24
3955,17
3956,10
3957,3
3958,5
3959,1
3960,10
3961,26
3962,22
3963,4
3964,11
3965,2
3966,12
3967,5
3968,1
3969,7
3970,4
3971,27
3972,1
3973,7
3974,5
3975,10
3976,1
3977,16
3978,6
3979,14
3980,18
3981,1
3982,8
3983,1
3984,8
3985,20
3986,5
3987,6
3988,14
3989,9
3990,2
3991,4
3992,10
3993,3
3994,14
3995,5
3996,13
3997,11
3998,3
3999,15
4000,20
4001,2
4002,19
4003,7
4004,5
4005,16
4006,9
4007,2
4008,20
4009,10
4010,15
4011,1
4012,5
4013,23
4014,17
4015,14
4016,10
4017,11
4018,21
4019,23
4020,10
4021,9
4022,12
4023,6
4024,13
4025,2
4026,10
4027,14
4028,3
4029,11
4030,2
4031,4
4032,14
4033,15
4034,3
4035,13
4036,6
4037,2
4038,12
4039,17
4040,16
4041,6
4042,9
4043,7
4044,13
4045,14
4046,3
4047,8
4048,6
4049,7
4050,21
4051,19
4052,5
4053,8
4054,9
4055,3
4056,12
4057,6
4058,8
4059,8
4060,22
4061,29
4062,4
4063,4
4064,2
4065,11
4066,4
4067,21
4068,2
4069,1
4070,4
4071,6
4072,26
4073,8
4074,9
4075,17
4076,14
4077,8
4078,2
4079,8
4080,6
4081,16
4082,15
4083,2
4084,15
4085,11
4086,14
4087,3
4088,2
4089,25
4090,4
4091,7
4092,7
4093,8
4094,13
4095,5
4096,5
4097,10
4098,10
4099,3
4100,13
4101,5
4102,13
4103,11
4104,10
4105,13
4106,8
4107,1
4108,3
4109,4
4110,5
4111,5
4112,22
4113,17
4114,3
4115,6
4116,15
4117,6
4118,15
4119,12
4120,7
4121,18
4122,1
4123,7
4124,15
4125,5
4126,6
4127,3
4128,4
4129,5
4130,2
4131,9
4132,7
4133,17
4134,3
4135,4
4136,5
4137,5
4138,1
4139,3
4140,5
4141,1
4142,9
4143,5
4144,11
4145,12
4146,5
4147,1
4148,4
4149,3
4150,9
4151,5
4152,2
4153,6
4154,15
4155,6
4156,8
4157,1
4158,3
4159,15
4160,16
4161,6
4162,3
4163,4
4164,10
4165,19
4166,10
4167,7
4168,22
4169,8
4170,4
4171,5
4172,5
4173,9
4174,4
4175,8
4176,2
4177,4
4178,3
4179,15
4180,4
4181,8
4182,18
4183,12
4184,7
4185,8
4186,2
4187,2
4188,18
4189,9
4190,1
4191,19
4192,9
4193,13
4194,10
4195,7
4196,3
4197,9
4198,4
4199,17
4200,5
4201,6
4202,9
4203,10
4204,14
4205,1
4206,28
4207,10
4208,18
4209,14
4210,8
4211,21
4212,26
4213,7
4214,5
4215,2
4216,11
4217,5
4218,15
4219,8
4220,11
4221,9
4222,9
4223,4
4224,9
4225,12
4226,9
4227,9
4228,3
4229,12
4230,15
4231,14
4232,11
4233,7
4234,7
4235,28
4236,5
4237,7
4238,3
4239,15
4240,17
4241,5
4242,7
4243,37
4244,5
4245,3
4246,2
4247,11
4248,1
4249,18
4250,5
4251,11
4252,7
4253,10
4254,18
4255,13
4256,10
4257,7
4258,9
4259,6
4260,4
4261,13
4262,8
4263,22
4264,14
4265,9
4266,1
4267,8
4268,15
4269,10
4270,10
4271,15
4272,26
4273,1
4274,25
4275,20
4276,1
4277,14
4278,6
4279,8
4280,20
4281,15
4282,13
4283,3
4284,5
4285,3
4286,20
4287,4
4288,5
4289,2
4290,16
4291,2
4292,8
4293,1
4294,12
4295,16
4296,28
4297,1
4298,9
4299,4
4300,7
4301,2
4302,4
4303,1
4304,24
4305,14
4306,7
4307,18
4308,4
4309,6
4310,10
4311,2
4312,3
4313,13
4314,7
4315,1
4316,2
4317,3
4318,10
4319,5
4320,1
4321,25
4322,8
4323,3
4324,5
4325,7
4326,2
4327,2
4328,20
4329,14
4330,15
4331,5
4332,11
4333,46
4334,17
4335,3
4336,2
4337,5
4338,6
4339,7
4340,9
4341,12
4342,15
4343,8
4344,3
4345,8
4346,16
4347,6
4348,7
4349,3
4350,1
4351,5
4352,6
4353,11
4354,7
4355,5
4356,13
4357,2
4358,12
4359,12
4360,3
4361,8
4362,10
4363,13
4364,17
4365,6
4366,9
4367,2
4368,11
4369,2
4370,3
4371,18
4372,5
4373,12
4374,12
4375,12
4376,20
4377,7
4378,4
4379,13
4380,3
4381,11
4382,3
4383,8
4384,7
4385,6
4386,2
4387,15
4388,3
4389,14
4390,4
4391,5
4392,11
4393,15
4394,5
4395,4
4396,8
4397,4
4398,2
4399,14
4400,1
4401,1
4402,9
4403,1
4404,1
4405,6
4406,4
4407,3
4408,12
4409,11
4410,1
4411,8
4412,21
4413,12
4414,7
4415,6
4416,5
4417,7
4418,4
4419,1
4420,12
4421,7
4422,20
4423,6
4424,3
4425,7
4426,5
4427,6
4428,16
4429,3
4430,5
4431,12
4432,16
4433,12
4434,7
4435,14
4436,7
4437,7
4438,7
4439,7
4440,31
4441,14
4442,5
4443,7
4444,11
4445,4
4446,8
4447,8
4448,12
4449,26
4450,19
4451,10
4452,6
4453,29
4454,27
4455,12
4456,23
4457,28
4458,6
4459,4
4460,2
4461,9
4462,10
4463,8
4464,4
4465,5
4466,14
4467,3
4468,13
4469,2
4470,22
4471,12
4472,5
4473,10
4474,30
4475,8
4476,9
4477,19
4478,2
4479,22
4480,32
4481,12
4482,5
4483,7
4484,4
4485,40
4486,12
4487,9
4488,12
4489,10
4490,10
4491,15
4492,13
4493,24
4494,1
4495,6
4496,7
4497,24
4498,3
4499,11
4500,1
4501,25
4502,9
4503,12
4504,4
4505,26
4506,16
4507,7
4508,23
4509,10
4510,10
4511,3
4512,36
4513,7
4514,28
4515,15
4516,2
4517,30
4518,6
4519,4
4520,1
4521,10
4522,9
4523,24
4524,15
4525,27
4526,5
4527,24
4528,6
4529,4
4530,18
4531,5
4532,15
4533,8
4534,6
4535,9
4536,4
4537,6
4538,11
4539,12
4540,17
4541,11
4542,1
4543,1
4544,3
4545,7
4546,15
4547,10
4548,21
4549,21
4550,30
4551,10
4552,4
4553,6
4554,10
4555,26
4556,24
4557,5
4558,4
4559,2
4560,20
4561,1
4562,23
4563,5
4564,2
4565,1
4566,6
4567,15
4568,41
4569,8
4570,10
4571,2
4572,25
4573,33
4574,2
4575,14
4576,13
4577,21
4578,10
4579,14
4580,4
4581,4
4582,2
4583,32
4584,21
4585,4
4586,16
4587,6
4588,12
4589,2
4590,7
4591,2
4592,9
4593,6
4594,4
4595,7
4596,2
4597,18
4598,14
4599,2
4600,4
4601,2
4602,6
4603,5
4604,5
4605,18
4606,10
4607,21
4608,16
4609,17
4610,7
4611,9
4612,5
4613,8
4614,5
4615,4
4616,19
4617,2
4618,4
4619,5
4620,12
4621,5
4622,19
4623,19
4624,8
4625,22
4626,16
4627,8
4628,1
4629,25
4630,9
4631,7
4632,3
4633,1
4634,24
4635,10
4636,12
4637,13
4638,12
4639,15
4640,11
4641,7
4642,9
4643,9
4644,6
4645,16
4646,6
4647,18
4648,9
4649,9
4650,13
4651,9
4652,15
4653,1
4654,14
4655,26
4656,19
4657,12
4658,5
4659,16
4660,3
4661,14
4662,6
4663,20
4664,13
4665,7
4666,6
4667,9
4668,7
4669,7
4670,7
4671,13
4672,1
4673,1
4674,19
4675,19
4676,11
4677,33
4678,21
4679,2
4680,2
4681,16
4682,2
4683,14
4684,4
4685,7
4686,21
4687,18
4688,2
4689,14
4690,15
4691,20
4692,9
4693,17
4694,16
4695,8
4696,8
4697,12
4698,15
4699,18
4700,14
4701,25
4702,14
4703,13
4704,5
4705,9
4706,4
4707,17
4708,6
4709,1
4710,9
4711,5
4712,1
4713,7
4714,27
4715,12
4716,24
4717,22
4718,24
4719,7
4720,8
4721,18
4722,6
4723,1
4724,8
4725,23
4726,6
4727,5
4728,19
4729,1
4730,46
4731,6
4732,27
4733,4
4734,7
4735,8
4736,5
4737,3
4738,16
4739,1
4740,10
4741,1
4742,13
4743,1
4744,9
4745,8
4746,3
4747,12
4748,25
4749,3
4750,13
4751,2
4752,14
4753,8
4754,9
4755,3
4756,1
4757,14
4758,13
4759,7
4760,13
4761,4
4762,5
4763,15
4764,7
4765,16
4766,8
4767,6
4768,31
4769,15
4770,27
4771,3
4772,1
4773,12
4774,1
4775,2
4776,1
4777,3
4778,7
4779,1
4780,10
4781,23
4782,14
4783,4
4784,13
4785,26
4786,1
4787,2
4788,4
4789,15
4790,4
4791,11
4792,12
4793,7
4794,15
4795,19
4796,8
4797,2
4798,5
4799,17
4800,11
4801,7
4802,27
4803,3
4804,37
4805,6
4806,22
4807,27
4808,4
4809,13
4810,7
4811,28
4812,2
4813,7
4814,12
4815,23
4816,16
4817,11
4818,14
4819,6
4820,2
4821,12
4822,5
4823,6
4824,8
4825,28
4826,26
4827,1
4828,28
4829,6
4830,27
4831,5
4832,12
4833,1
4834,2
4835,7
4836,9
4837,10
4838,8
4839,2
4840,14
4841,22
4842,9
4843,5
4844,25
4845,8
4846,7
4847,1
4848,12
4849,27
4850,6
4851,8
4852,12
4853,28
4854,18
4855,2
4856,11
4857,18
4858,25
4859,16
4860,7
4861,13
4862,6
4863,6
4864,8
4865,3
4866,1
4867,3
4868,14
4869,8
4870,6
4871,11
4872,3
4873,19
4874,20
4875,16
4876,17
4877,6
4878,5
4879,10
4880,2
4881,1
4882,18
4883,10
4884,1
4885,6
4886,1
4887,6
4888,18
4889,21
4890,3
4891,8
4892,21
4893,2
4894,6
4895,22
4896,17
4897,14
4898,22
4899,1
4900,6
4901,11
4902,6
4903,12
4904,5
4905,5
4906,7
4907,33
4908,6
4909,8
4910,19
4911,20
4912,8
4913,2
4914,7
4915,9
4916,8
4917,12
4918,7
4919,5
4920,10
4921,9
4922,7
4923,5
4924,26
4925,6
4926,10
4927,24
4928,7
4929,1
4930,3
4931,13
4932,23
4933,8
4934,10
4935,28
4936,15
4937,7
4938,16
4939,5
4940,11
4941,5
4942,17
4943,16
4944,14
4945,10
4946,11
4947,12
4948,14
4949,27
4950,8
4951,15
4952,13
4953,17
4954,11
4955,8
4956,16
4957,3
4958,1
4959,5
4960,6
4961,25
4962,11
4963,1
4964,14
4965,17
4966,4
4967,11
4968,14
4969,4
4970,9
4971,5
4972,2
4973,5
4974,12
4975,6
4976,7
4977,4
4978,16
4979,1
4980,21
4981,7
4982,6
4983,1
4984,7
4985,8
4986,2
4987,19
4988,25
4989,16
4990,13
4991,1
4992,12
4993,2
4994,6
4995,23
4996,8
4997,5
4998,15
4999,15
5000,27
5001,4
5002,4
5003,29
5004,11
5005,14
5006,15
5007,25
5008,13
5009,3
5010,3
5011,1
5012,3
5013,1
5014,34
5015,4
5016,2
5017,11
5018,7
5019,7
5020,3
5021,3
5022,11
5023,4
5024,1
5025,4
5026,1
5027,6
5028,1
5029,21
5030,5
5031,19
5032,1
5033,6
5034,21
5035,3
5036,8
5037,11
5038,9
5039,15
5040,7
5041,8
5042,10
5043,5
5044,13
5045,10
5046,13
5047,4
5048,2
5049,4
5050,20
5051,3
5052,3
5053,2
5054,18
5055,4
5056,2
5057,24
5058,2
5059,7
5060,17
5061,3
5062,25
5063,24
5064,3
5065,19
5066,9
5067,7
5068,11
5069,1
5070,7
5071,4
5072,10
5073,9
5074,3
5075,2
5076,14
5077,7
5078,23
5079,18
5080,12
5081,19
5082,4
5083,18
5084,3
5085,3
5086,3
5087,9
5088,3
5089,4
5090,15
5091,1
5092,16
5093,5
5094,6
5095,8
5096,15
5097,5
5098,14
5099,4
5100,1
5101,3
5102,15
5103,7
5104,5
5105,6
5106,4
5107,10
5108,4
5109,10
5110,5
5111,16
5112,5
5113,1
5114,3
5115,1
5116,1
5117,12
5118,7
5119,8
5120,9
5121,9
5122,3
5123,10
5124,6
5125,5
5126,4
5127,2
5128,3
5129,6
5130,7
5131,5
5132,3
5133,2
5134,2
5135,7
5136,12
5137,24
5138,7
5139,10
5140,3
5141,4
5142,6
5143,2
5144,9
5145,2
5146,17
5147,2
5148,7
5149,9
5150,7
5151,11
5152,17
5153,1
5154,11
5155,10
5156,14
5157,4
5158,4
5159,9
5160,9
5161,14
5162,9
5163,2
5164,5
5165,12
5166,17
5167,9
5168,10
5169,13
5170,5
5171,13
5172,8
5173,12
5174,4
5175,19
5176,4
5177,13
5178,17
5179,9
5180,12
5181,1
5182,4
5183,4
5184,16
5185,7
5186,4
5187,11
5188,7
5189,7
5190,5
5191,6
5192,10
5193,5
5194,3
5195,7
5196,2
5197,16
5198,8
5199,6
5200,1
5201,6
5202,6
5203,5
5204,2
5205,8
5206,16
5207,9
5208,8
5209,2
5210,22
5211,7
5212,3
5213,23
5214,1
5215,1
5216,5
5217,6
5218,3
5219,8
5220,10
5221,9
5222,2
5223,4
5224,1
5225,14
5226,5
5227,18
5228,13
5229,5
5230,4
5231,4
5232,2
5233,10
5234,10
5235,7
5236,23
5237,10
5238,9
5239,4
5240,5
5241,7
5242,16
5243,14
5244,5
5245,2
5246,3
5247,18
5248,16
5249,2
5250,8
5251,1
5252,12
5253,5
5254,22
5255,4
5256,6
5257,35
5258,13
5259,5
5260,12
5261,3
5262,10
5263,13
5264,21
5265,8
5266,19
5267,6
5268,15
5269,3
5270,5
5271,4
5272,15
5273,15
5274,10
5275,13
5276,21
5277,11
5278,1
5279,20
5280,11
5281,7
5282,4
5283,5
5284,2
5285,12
5286,15
5287,6
5288,5
5289,9
5290,10
5291,7
5292,11
5293,18
5294,2
5295,8
5296,11
5297,12
5298,18
5299,10
5300,7
5301,8
5302,5
5303,5
5304,2
5305,8
5306,9
5307,17
5308,4
5309,12
5310,18
5311,5
5312,15
5313,15
5314,8
5315,11
5316,8
5317,3
5318,16
5319,7
5320,9
5321,16
5322,9
5323,10
5324,7
5325,7
5326,10
5327,5
5328,18
5329,14
5330,10
5331,10
5332,9
5333,8
5334,10
5335,9
5336,7
5337,13
5338,8
5339,8
5340,7
5341,2
5342,7
5343,15
5344,7
5345,6
5346,3
5347,7
5348,1
5349,22
5350,7
5351,14
5352,1
5353,9
5354,9
5355,25
5356,13
5357,24
5358,11
5359,5
5360,11
5361,14
5362,20
5363,21
5364,3
5365,14
5366,23
5367,17
5368,8
5369,15
5370,1
5371,10
5372,3
5373,5
5374,10
5375,2
5376,11
5377,6
5378,10
5379,12
5380,31
5381,11
5382,14
5383,10
5384,25
5385,1
5386,6
5387,14
5388,10
5389,12
5390,8
5391,19
5392,5
5393,7
5394,7
5395,4
5396,4
5397,9
5398,2
5399,9
5400,5
5401,8
5402,10
5403,2
5404,8
5405,16
5406,13
5407,1
5408,6
5409,6
5410,9
5411,8
5412,14
5413,2
5414,2
5415,1
5416,2
5417,10
5418,29
5419,3
5420,1
5421,3
5422,27
5423,8
5424,8
5425,19
5426,10
5427,19
5428,4
5429,3
5430,17
5431,7
5432,3
5433,3
5434,10
5435,14
5436,16
5437,1
5438,12
5439,5
5440,7
5441,11
5442,11
5443,2
5444,13
5445,4
5446,27
5447,29
5448,1
5449,11
5450,1
5451,9
5452,1
5453,8
5454,1
5455,1
5456,30
5457,5
5458,20
5459,7
5460,11
5461,10
5462,13
5463,13
5464,19
5465,6
5466,7
5467,9
5468,3
5469,18
5470,7
5471,21
5472,1
5473,18
5474,2
5475,17
5476,11
5477,18
5478,4
5479,1
5480,11
5481,16
5482,18
5483,10
5484,16
5485,27
5486,6
5487,10
5488,13
5489,8
5490,21
5491,24
5492,13
5493,8
5494,13
5495,4
5496,15
5497,1
5498,13
5499,30
5500,8
5501,16
5502,7
5503,13
5504,6
5505,10
5506,5
5507,20
5508,6
5509,33
5510,20
5511,12
5512,19
5513,4
5514,9
5515,10
5516,9
5517,2
5518,17
5519,3
5520,10
5521,14
5522,9
5523,9
5524,20
5525,15
5526,11
5527,1
5528,15
5529,11
5530,12
5531,7
5532,1
5533,15
5534,12
5535,9
5536,21
5537,8
5538,23
5539,6
5540,2
5541,15
5542,2
5543,3
5544,16
5545,23
5546,15
5547,4
5548,6
5549,21
5550,2
5551,4
5552,24
5553,6
5554,3
5555,15
5556,3
5557,15
5558,16
5559,5
5560,4
5561,8
5562,16
5563,13
5564,24
5565,9
5566,7
5567,19
5568,3
5569,20
5570,7
5571,2
5572,4
5573,17
5574,9
5575,5
5576,3
5577,1
5578,2
5579,4
5580,13
5581,7
5582,8
5583,11
5584,9
5585,10
5586,4
5587,14
5588,14
5589,2
5590,2
5591,2
5592,5
5593,13
5594,16
5595,16
5596,13
5597,18
5598,18
5599,12
5600,2
5601,15
5602,14
5603,12
5604,13
5605,6
5606,16
5607,11
5608,1
5609,7
5610,2
5611,3
5612,18
5613,4
5614,5
5615,14
5616,15
5617,3
5618,2
5619,23
5620,8
5621,1
5622,6
5623,18
5624,17
5625,12
5626,1
5627,10
5628,14
5629,4
5630,13
5631,6
5632,10
5633,7
5634,12
5635,3
5636,5
5637,2
5638,21
5639,6
5640,14
5641,1
5642,21
5643,8
5644,7
5645,9
5646,1
5647,3
5648,3
5649,12
5650,16
5651,19
5652,5
5653,9
5654,15
5655,10
5656,9
5657,12
5658,11
5659,28
5660,8
5661,4
5662,1
5663,6
5664,15
5665,7
5666,16
5667,24
5668,15
5669,3
5670,5
5671,7
5672,18
5673,8
5674,2
5675,2
5676,7
5677,9
5678,3
5679,5
5680,7
5681,4
5682,14
5683,6
5684,14
5685,16
5686,8
5687,1
5688,10
5689,4
5690,31
5691,8
5692,10
5693,3
5694,15
5695,12
5696,5
5697,21
5698,3
5699,13
5700,12
5701,15
5702,20
5703,3
5704,18
5705,5
5706,1
5707,17
5708,11
5709,19
5710,14
5711,15
5712,2
5713,4
5714,14
5715,17
5716,9
5717,5
5718,16
5719,10
5720,9
5721,19
5722,8
5723,7
5724,6
5725,1
5726,1
5727,11
5728,8
5729,3
5730,2
5731,9
5732,4
5733,7
5734,7
5735,9
5736,4
5737,11
5738,23
5739,6
5740,3
5741,4
5742,3
5743,7
5744,1
5745,11
5746,4
5747,9
5748,24
5749,2
5750,6
5751,2
5752,20
5753,11
5754,3
5755,12
5756,16
5757,12
5758,3
5759,14
5760,16
5761,1
5762,29
5763,1
5764,16
5765,26
5766,8
5767,3
5768,8
5769,17
5770,14
5771,6
5772,14
5773,6
5774,7
5775,5
5776,5
5777,3
5778,7
5779,6
5780,18
5781,25
5782,15
5783,5
5784,7
5785,12
5786,10
5787,10
5788,22
5789,16
5790,9
5791,7
5792,4
5793,1
5794,1
5795,7
5796,8
5797,15
5798,18
5799,6
5800,4
5801,8
5802,2
5803,13
5804,5
5805,6
5806,15
5807,5
5808,5
5809,20
5810,10
5811,14
5812,7
5813,15
5814,16
5815,23
5816,3
5817,3
5818,41
5819,2
5820,8
5821,6
5822,19
5823,1
5824,9
5825,5
5826,4
5827,5
5828,3
5829,6
5830,10
5831,2
5832,5
5833,7
5834,26
5835,3
5836,1
5837,9
5838,10
5839,26
5840,3
5841,12
5842,1
5843,2
5844,13
5845,3
5846,2
5847,8
5848,1
5849,13
5850,12
5851,6
5852,7
5853,9
5854,8
5855,14
5856,17
5857,2
5858,13
5859,11
5860,13
5861,13
5862,27
5863,15
5864,1
5865,6
5866,4
5867,7
5868,2
5869,9
5870,1
5871,4
5872,16
5873,6
5874,9
5875,11
5876,8
5877,2
5878,4
5879,8
5880,9
5881,3
5882,7
5883,5
5884,1
5885,18
5886,8
5887,8
5888,3
5889,1
5890,10
5891,12
5892,6
5893,8
5894,7
5895,2
5896,8
5897,8
5898,9
5899,8
5900,10
5901,7
5902,10
5903,7
5904,7
5905,20
5906,15
5907,4
5908,11
5909,5
5910,7
5911,1
5912,10
5913,23
5914,28
5915,5
5916,26
5917,30
5918,5
5919,3
5920,17
5921,4
5922,17
5923,1
5924,15
5925,1
5926,1
5927,5
5928,10
5929,9
5930,6
5931,7
5932,5
5933,6
5934,28
5935,27
5936,18
5937,22
5938,15
5939,24
5940,8
5941,1
5942,6
5943,1
5944,11
5945,6
5946,14
5947,5
5948,12
5949,7
5950,8
5951,19
5952,9
5953,10
5954,9
5955,10
5956,9
5957,4
5958,6
5959,15
5960,9
5961,4
5962,6
5963,5
5964,1
5965,19
5966,3
5967,10
5968,2
5969,5
5970,9
5971,9
5972,11
5973,8
5974,6
5975,1
5976,9
5977,9
5978,8
5979,7
5980,20
5981,6
5982,15
5983,7
5984,4
5985,14
5986,10
5987,4
5988,18
5989,11
5990,2
5991,12
5992,4
5993,15
5994,7
5995,1
5996,9
5997,17
5998,17
5999,11
6000,5
6001,1
6002,10
6003,5
6004,11
6005,7
6006,6
6007,4
6008,17
6009,4
6010,5
6011,13
6012,10
6013,16
6014,3
6015,9
6016,10
6017,8
6018,5
6019,15
6020,3
6021,19
6022,4
6023,7
6024,8
6025,11
6026,11
6027,6
6028,12
6029,5
6030,11
6031,17
6032,12
6033,3
6034,7
6035,1
6036,15
6037,7
6038,9
6039,11
6040,9
6041,17
6042,2
6043,2
6044,15
6045,10
6046,4
6047,12
6048,3
6049,10
6050,6
6051,3
6052,4
6053,23
6054,6
6055,20
6056,8
6057,13
6058,4
6059,17
6060,16
6061,12
6062,9
6063,2
6064,3
6065,7
6066,2
6067,3
6068,7
6069,4
6070,9
6071,6
6072,2
6073,16
6074,1
6075,7
6076,1
6077,4
6078,3
6079,4
6080,12
6081,1
6082,13
6083,3
6084,10
6085,10
6086,4
6087,1
6088,8
6089,13
6090,1
6091,8
6092,17
6093,7
6094,9
6095,8
6096,4
6097,5
6098,8
6099,6
6100,1
6101,2
6102,16
6103,1
6104,10
6105,13
6106,11
6107,6
6108,11
6109,7
6110,8
6111,3
6112,4
6113,3
6114,8
6115,7
6116,8
6117,13
6118,9
6119,16
6120,7
6121,2
6122,2
6123,2
6124,2
6125,11
6126,5
6127,10
6128,13
6129,2
6130,11
6131,10
6132,3
6133,18
6134,14
6135,13
6136,4
6137,19
6138,9
6139,5
6140,2
6141,11
6142,4
6143,6
6144,10
6145,13
6146,24
6147,3
6148,19
6149,16
6150,4
6151,4
6152,2
6153,8
6154,11
6155,9
6156,5
6157,4
6158,7
6159,10
6160,15
6161,16
6162,4
6163,5
6164,2
6165,5
6166,6
6167,9
6168,10
6169,11
6170,2
6171,8
6172,8
6173,4
6174,15
6175,6
6176,10
6177,9
6178,1
6179,8
6180,5
6181,7
6182,4
6183,6
6184,21
6185,26
6186,7
6187,12
6188,14
6189,11
6190,2
6191,19
6192,9
6193,8
6194,12
6195,3
6196,8
6197,3
6198,10
6199,13
6200,21
6201,6
6202,8
6203,9
6204,16
6205,1
6206,3
6207,8
6208,4
6209,11
6210,10
6211,13
6212,5
6213,14
6214,11
6215,5
6216,22
6217,4
6218,7
6219,2
6220,1
6221,5
6222,4
6223,6
6224,2
6225,2
6226,6
6227,4
6228,7
6229,6
6230,2
6231,10
6232,2
6233,18
6234,9
6235,1
6236,9
6237,8
6238,13
6239,5
6240,6
6241,15
6242,12
6243,15
6244,7
6245,14
6246,1
6247,22
6248,13
6249,2
6250,13
6251,1
6252,16
6253,2
6254,10
6255,25
6256,8
6257,20
6258,6
6259,5
6260,19
6261,6
6262,3
6263,3
6264,6
6265,8
6266,4
6267,8
6268,4
6269,9
6270,11
6271,4
6272,4
6273,2
6274,8
6275,11
6276,17
6277,10
6278,4
6279,3
6280,12
6281,3
6282,5
6283,7
6284,13
6285,1
6286,2
6287,17
6288,8
6289,4
6290,6
6291,4
6292,3
6293,3
6294,4
6295,4
6296,11
6297,2
6298,10
6299,5
6300,12
6301,8
6302,10
6303,14
6304,14
6305,4
6306,16
6307,6
6308,7
6309,11
6310,3
6311,12
6312,4
6313,6
6314,4
6315,20
6316,1
6317,9
6318,3
6319,13
6320,5
6321,8
6322,15
6323,8
6324,5
6325,11
6326,19
6327,2
6328,3
6329,13
6330,2
6331,3
6332,9
6333,3
6334,23
6335,7
6336,4
6337,5
6338,29
6339,13
6340,12
6341,8
6342,5
6343,1
6344,19
6345,7
6346,6
6347,1
6348,2
6349,6
6350,11
6351,14
6352,2
6353,24
6354,3
6355,1
6356,8
6357,1
6358,4
6359,18
6360,15
6361,11
6362,4
6363,2
6364,9
6365,4
6366,1
6367,2
6368,6
6369,8
6370,8
6371,7
6372,1
6373,6
6374,9
6375,5
6376,4
6377,16
6378,6
6379,15
6380,5
6381,4
6382,8
6383,19
6384,6
6385,2
6386,8
6387,5
6388,3
6389,9
6390,2
6391,11
6392,11
6393,2
6394,1
6395,2
6396,8
6397,4
6398,7
6399,6
6400,13
6401,8
6402,10
6403,10
6404,2
6405,10
6406,6
6407,11
6408,5
6409,17
6410,1
6411,11
6412,15
6413,1
6414,11
6415,11
6416,1
6417,16
6418,8
6419,9
6420,14
6421,6
6422,8
6423,7
6424,20
6425,2
6426,10
6427,10
6428,7
6429,5
6430,1
6431,11
6432,9
6433,20
6434,7
6435,7
6436,8
6437,24
6438,11
6439,10
6440,7
6441,10
6442,4
6443,1
6444,2
6445,5
6446,26
6447,6
6448,2
6449,5
6450,22
6451,2
6452,12
6453,10
6454,21
6455,2
6456,1
6457,5
6458,3
6459,9
6460,10
6461,6
6462,7
6463,19
6464,7
6465,11
6466,1
6467,11
6468,8
6469,3
6470,2
6471,7
6472,15
6473,21
6474,10
6475,21
6476,7
6477,14
6478,9
6479,3
6480,3
6481,10
6482,6
6483,9
6484,11
6485,13
6486,9
6487,5
6488,25
6489,4
6490,3
6491,13
6492,22
6493,3
6494,13
6495,14
6496,1
6497,1
6498,1
6499,12
6500,9
6501,6
6502,2
6503,12
6504,7
6505,9
6506,9
6507,6
6508,13
6509,5
6510,1
6511,17
6512,3
6513,1
6514,16
6515,18
6516,19
6517,7
6518,2
6519,19
6520,5
6521,2
6522,19
6523,3
6524,1
6525,9
6526,11
6527,19
6528,8
6529,10
6530,8
6531,21
6532,12
6533,3
6534,4
6535,12
6536,4
6537,2
6538,2
6539,10
6540,7
6541,1
6542,8
6543,2
6544,7
6545,11
6546,3
6547,7
6548,22
6549,7
6550,4
6551,5
6552,20
6553,11
6554,22
6555,14
6556,2
6557,13
6558,3
6559,9
6560,8
6561,16
6562,4
6563,2
6564,19
6565,8
6566,7
6567,4
6568,1
6569,5
6570,2
6571,1
6572,1
6573,14
6574,4
6575,3
6576,4
6577,14
6578,7
6579,4
6580,11
6581,2
6582,2
6583,8
6584,4
6585,4
6586,4
6587,2
6588,14
6589,12
6590,2
6591,3
6592,12
6593,4
6594,5
6595,5
6596,16
6597,5
6598,8
6599,12
6600,1
6601,6
6602,11
6603,17
6604,13
6605,14
6606,6
6607,7
6608,1
6609,12
6610,2
6611,6
6612,4
6613,6
6614,12
6615,11
6616,2
6617,7
6618,11
6619,10
6620,7
6621,1
6622,7
6623,9
6624,10
6625,17
6626,3
6627,9
6628,6
6629,11
6630,12
6631,10
6632,11
6633,3
6634,3
6635,1
6636,13
6637,11
6638,1
6639,2
6640,3
6641,11
6642,8
6643,8
6644,11
6645,9
6646,5
6647,2
6648,8
6649,24
6650,4
6651,18
6652,5
6653,3
6654,14
6655,12
6656,3
6657,16
6658,18
6659,7
6660,5
6661,13
6662,3
6663,14
6664,9
6665,1
6666,13
6667,1
6668,9
6669,13
6670,5
6671,13
6672,5
6673,1
6674,6
6675,3
6676,5
6677,1
6678,10
6679,4
6680,17
6681,2
6682,2
6683,4
6684,10
6685,17
6686,20
6687,20
6688,5
6689,7
6690,6
6691,11
6692,2
6693,9
6694,17
6695,15
6696,7
6697,10
6698,3
6699,3
6700,6
6701,1
6702,11
6703,1
6704,5
6705,17
6706,9
6707,4
6708,7
6709,5
6710,11
6711,6
6712,18
6713,4
6714,13
6715,5
6716,7
6717,1
6718,18
6719,5
6720,4
6721,10
6722,9
6723,3
6724,1
6725,2
6726,6
6727,6
6728,20
6729,1
6730,13
6731,1
6732,2
6733,9
6734,7
6735,9
6736,8
6737,16
6738,20
6739,15
6740,5
6741,1
6742,20
6743,9
6744,4
6745,3
6746,3
6747,18
6748,24
6749,9
6750,10
6751,10
6752,17
6753,2
6754,9
6755,1
6756,1
6757,12
6758,1
6759,9
6760,8
6761,7
6762,4
6763,3
6764,3
6765,2
6766,3
6767,4
6768,7
6769,13
6770,14
6771,1
6772,5
6773,8
6774,4
6775,7
6776,5
6777,3
6778,14
6779,12
6780,10
6781,7
6782,18
6783,7
6784,18
6785,6
6786,5
6787,21
6788,13
6789,10
6790,5
6791,1
6792,4
6793,10
6794,6
6795,1
6796,8
6797,3
6798,6
6799,8
6800,2
6801,11
6802,6
6803,9
6804,6
6805,6
6806,17
6807,2
6808,27
6809,12
6810,28
6811,4
6812,15
6813,3
6814,10
6815,11
6816,10
6817,18
6818,8
6819,1
6820,2
6821,8
6822,1
6823,9
6824,11
6825,1
6826,5
6827,7
6828,13
6829,6
6830,1
6831,3
6832,4
6833,5
6834,17
6835,3
6836,10
6837,7
6838,20
6839,6
6840,12
6841,7
6842,5
6843,12
6844,7
6845,11
6846,9
6847,5
6848,4
6849,8
6850,12
6851,10
6852,14
6853,7
6854,10
6855,13
6856,5
6857,7
6858,3
6859,5
6860,10
6861,6
6862,13
6863,7
6864,11
6865,14
6866,16
6867,3
6868,13
6869,4
6870,12
6871,7
6872,14
6873,2
6874,1
6875,11
6876,5
6877,3
6878,6
6879,5
6880,9
6881,9
6882,3
6883,1
6884,11
6885,1
6886,3
6887,2
6888,8
6889,4
6890,8
6891,15
6892,1
6893,3
6894,1
6895,10
6896,3
6897,2
6898,10
6899,3
6900,18
6901,8
6902,4
6903,13
6904,3
6905,13
6906,12
6907,2
6908,9
6909,8
6910,11
6911,18
6912,2
6913,4
6914,4
6915,3
6916,8
6917,3
6918,17
6919,17
6920,10
6921,2
6922,11
6923,9
6924,22
6925,9
6926,17
6927,9
6928,11
6929,18
6930,4
6931,36
6932,10
6933,10
6934,1
6935,7
6936,24
6937,2
6938,16
6939,20
6940,11
6941,5
6942,1
6943,8
6944,15
6945,33
6946,8
6947,17
6948,8
6949,2
6950,23
6951,1
6952,17
6953,2
6954,24
6955,13
6956,14
6957,3
6958,8
6959,6
6960,24
6961,14
6962,4
6963,13
6964,10
6965,7
6966,13
6967,25
6968,15
6969,12
6970,15
6971,5
6972,17
6973,16
6974,4
6975,17
6976,17
6977,16
6978,17
6979,6
6980,16
6981,12
6982,2
6983,9
6984,18
6985,12
6986,18
6987,1
6988,33
6989,8
6990,13
6991,2
6992,28
6993,2
6994,36
6995,1
6996,1
6997,14
6998,5
6999,12
7000,30
7001,10
7002,10
7003,6
7004,1
7005,8
7006,10
7007,16
7008,2
7009,5
7010,29
7011,25
7012,2
7013,3
7014,8
7015,11
7016,12
7017,3
7018,5
7019,6
7020,2
7021,13
7022,23
7023,13
7024,25
7025,15
7026,14
7027,10
7028,22
7029,9
7030,9
7031,1
7032,3
7033,3
7034,33
7035,8
7036,8
7037,9
7038,1
7039,16
7040,9
7041,3
7042,22
7043,22
7044,6
7045,2
7046,16
7047,22
7048,14
7049,11
7050,12
7051,22
7052,20
7053,12
7054,10
7055,16
7056,20
7057,16
7058,20
7059,27
7060,9
7061,8
7062,7
7063,13
7064,22
7065,8
7066,7
7067,2
7068,22
7069,5
7070,11
7071,6
7072,19
7073,1
7074,4
7075,2
7076,5
7077,10
7078,8
7079,16
7080,12
7081,3
7082,16
7083,12
7084,6
7085,1
7086,11
7087,7
7088,13
7089,3
7090,11
7091,4
7092,13
7093,7
7094,10
7095,12
7096,3
7097,25
7098,25
7099,1
7100,6
7101,14
7102,8
7103,3
7104,20
7105,8
7106,2
7107,8
7108,11
7109,26
7110,11
7111,11
7112,9
7113,10
7114,14
7115,5
7116,10
7117,5
7118,12
7119,17
7120,13
7121,7
7122,10
7123,23
7124,31
7125,19
7126,7
7127,21
7128,9
7129,17
7130,24
7131,2
7132,9
7133,6
7134,14
7135,14
7136,3
7137,8
7138,24
7139,5
7140,20
7141,16
7142,14
7143,7
7144,37
7145,5
7146,1
7147,5
7148,8
7149,6
7150,26
7151,3
7152,19
7153,10
7154,3
7155,11
7156,12
7157,10
7158,21
7159,3
7160,3
7161,21
7162,21
7163,10
7164,11
7165,6
7166,4
7167,11
7168,6
7169,4
7170,2
7171,4
7172,16
7173,13
7174,14
7175,14
7176,21
7177,13
7178,1
7179,8
7180,20
7181,19
7182,5
7183,5
7184,14
7185,6
7186,10
7187,11
7188,11
7189,25
7190,33
7191,8
7192,2
7193,7
7194,2
7195,7
7196,1
7197,19
7198,1
7199,3
7200,6
7201,13
7202,7
7203,27
7204,15
7205,45
7206,11
7207,31
7208,11
7209,14
7210,36
7211,5
7212,10
7213,12
7214,7
7215,10
7216,10
7217,2
7218,3
7219,3
7220,10
7221,1
7222,10
7223,29
7224,14
7225,3
7226,17
7227,8
7228,8
7229,11
7230,17
7231,16
7232,26
7233,28
7234,9
7235,25
7236,6
7237,23
7238,1
7239,3
7240,1
7241,8
7242,11
7243,14
7244,17
7245,7
7246,9
7247,20
7248,13
7249,2
7250,5
7251,10
7252,11
7253,15
7254,2
7255,2
7256,7
7257,20
7258,2
7259,10
7260,26
7261,4
7262,5
7263,4
7264,7
7265,20
7266,30
7267,14
7268,5
7269,12
7270,21
7271,5
7272,12
7273,22
7274,23
7275,12
7276,1
7277,22
7278,5
7279,26
7280,2
7281,13
7282,20
7283,16
7284,10
7285,6
7286,36
7287,2
7288,14
7289,10
7290,1
7291,5
7292,5
7293,9
7294,17
7295,12
7296,10
7297,9
7298,22
7299,3
7300,1
7301,1
7302,1
7303,45
7304,14
7305,24
7306,1
7307,7
7308,7
7309,14
7310,5
7311,9
7312,10
7313,10
7314,7
7315,16
7316,8
7317,5
7318,13
7319,17
7320,7
7321,4
7322,9
7323,14
7324,8
7325,10
7326,15
7327,11
7328,34
7329,28
7330,5
7331,2
7332,10
7333,25
7334,1
7335,3
7336,3
7337,11
7338,5
7339,9
7340,12
7341,14
7342,3
7343,12
7344,6
7345,3
7346,10
7347,26
7348,7
7349,10
7350,1
7351,5
7352,3
7353,9
7354,20
7355,2
7356,6
7357,20
7358,5
7359,12
7360,4
7361,14
7362,2
7363,16
7364,22
7365,3
7366,2
7367,4
7368,7
7369,24
7370,11
7371,2
7372,5
7373,8
7374,1
7375,2
7376,12
7377,5
7378,19
7379,6
7380,8
7381,1
7382,24
7383,19
7384,3
7385,12
7386,8
7387,9
7388,9
7389,14
7390,19
7391,9
7392,13
7393,5
7394,5
7395,10
7396,2
7397,11
7398,30
7399,2
7400,3
7401,26
7402,26
7403,19
7404,1
7405,24
7406,10
7407,19
7408,24
7409,1
7410,25
7411,8
7412,1
7413,20
7414,6
7415,3
7416,15
7417,3
7418,9
7419,29
7420,14
7421,6
7422,9
7423,28
7424,1
7425,19
7426,16
7427,22
7428,5
7429,4
7430,4
7431,6
7432,4
7433,3
7434,4
7435,9
7436,26
7437,4
7438,12
7439,3
7440,2
7441,8
7442,11
7443,7
7444,6
7445,9
7446,4
7447,8
7448,6
7449,21
7450,5
7451,1
7452,2
7453,17
7454,1
7455,5
7456,11
7457,5
7458,2
7459,10
7460,3
7461,1
7462,4
7463,10
7464,5
7465,14
7466,1
7467,5
7468,2
7469,8
7470,5
7471,4
7472,8
7473,18
7474,9
7475,7
7476,3
7477,10
7478,2
7479,21
7480,13
7481,3
7482,7
7483,8
7484,8
7485,4
7486,7
7487,20
7488,3
7489,4
7490,11
7491,6
7492,2
7493,21
7494,4
7495,10
7496,6
7497,14
7498,21
7499,1
7500,6
7501,8
7502,1
7503,5
7504,11
7505,14
7506,14
7507,5
7508,1
7509,6
7510,5
7511,3
7512,6
7513,11
7514,7
7515,11
7516,23
7517,17
7518,5
7519,14
7520,2
7521,10
7522,8
7523,6
7524,6
7525,9
7526,16
7527,2
7528,5
7529,5
7530,15
7531,3
7532,12
7533,4
7534,18
7535,14
7536,3
7537,13
7538,14
7539,7
7540,5
7541,5
7542,5
7543,18
7544,12
7545,2
7546,2
7547,4
7548,5
7549,5
7550,2
7551,10
7552,4
7553,11
7554,16
7555,3
7556,19
7557,4
7558,2
7559,1
7560,10
7561,2
7562,9
7563,3
7564,4
7565,10
7566,5
7567,19
7568,7
7569,7
7570,9
7571,12
7572,2
7573,9
7574,8
7575,14
7576,4
7577,8
7578,8
7579,3
7580,1
7581,5
7582,1
7583,7
7584,9
7585,3
7586,8
7587,1
7588,1
7589,7
7590,7
7591,3
7592,1
7593,15
7594,15
7595,2
7596,15
7597,7
7598,10
7599,5
7600,3
7601,6
7602,1
7603,15
7604,10
7605,12
7606,4
7607,6
7608,10
7609,7
7610,3
7611,2
7612,9
7613,8
7614,9
7615,13
7616,7
7617,12
7618,11
7619,13
7620,4
7621,4
7622,13
7623,2
7624,12
7625,4
7626,12
7627,3
7628,9
7629,6
7630,10
7631,15
7632,1
7633,2
7634,1
7635,9
7636,4
7637,1
7638,11
7639,20
7640,6
7641,4
7642,4
7643,1
7644,13
7645,13
7646,1
7647,12
7648,8
7649,7
7650,9
7651,6
7652,4
7653,8
7654,12
7655,3
7656,18
7657,2
7658,1
7659,6
7660,13
7661,9
7662,2
7663,5
7664,7
7665,5
7666,4
7667,11
7668,10
7669,7
7670,23
7671,15
7672,10
7673,3
7674,16
7675,14
7676,8
7677,6
7678,6
7679,10
7680,6
7681,11
7682,7
7683,8
7684,7
7685,1
7686,7
7687,16
7688,4
7689,7
7690,6
7691,3
7692,10
7693,3
7694,7
7695,12
7696,9
7697,1
7698,11
7699,10
7700,12
7701,20
7702,3
7703,7
7704,6
7705,17
7706,6
7707,4
7708,22
7709,6
7710,1
7711,2
7712,16
7713,5
7714,13
7715,5
7716,2
7717,3
7718,20
7719,9
7720,4
7721,5
7722,2
7723,8
7724,8
7725,5
7726,1
7727,16
7728,7
7729,1
7730,12
7731,2
7732,1
7733,13
7734,8
7735,7
7736,12
7737,16
7738,12
7739,13
7740,2
7741,3
7742,12
7743,2
7744,4
7745,2
7746,13
7747,6
7748,5
7749,6
7750,1
7751,15
7752,2
7753,6
7754,9
7755,11
7756,4
7757,3
7758,11
7759,6
7760,16
7761,4
7762,9
7763,10
7764,14
7765,9
7766,1
7767,1
7768,7
7769,4
7770,2
7771,7
7772,4
7773,2
7774,24
7775,8
7776,12
7777,9
7778,9
7779,2
7780,12
7781,27
7782,2
7783,12
7784,6
7785,13
7786,18
7787,8
7788,3
7789,7
7790,8
7791,2
7792,2
7793,7
7794,6
7795,10
7796,1
7797,5
7798,8
7799,3
7800,23
7801,1
7802,13
7803,6
7804,5
7805,5
7806,9
7807,1
7808,3
7809,6
7810,1
7811,4
7812,5
7813,7
7814,15
7815,2
7816,2
7817,6
7818,12
7819,18
7820,9
7821,11
7822,2
7823,21
7824,14
7825,8
7826,9
7827,12
7828,6
7829,18
7830,9
7831,5
7832,8
7833,8
7834,1
7835,8
7836,13
7837,5
7838,14
7839,6
7840,3
7841,9
7842,26
7843,9
7844,13
7845,7
7846,15
7847,1
7848,4
7849,9
7850,8
7851,6
7852,9
7853,6
7854,9
7855,13
7856,13
7857,8
7858,1
7859,8
7860,8
7861,3
7862,9
7863,1
7864,1
7865,13
7866,2
7867,2
7868,11
7869,1
7870,7
7871,5
7872,6
7873,7
7874,3
7875,3
7876,1
7877,5
7878,1
7879,6
7880,9
7881,11
7882,4
7883,6
7884,5
7885,9
7886,4
7887,10
7888,5
7889,2
7890,14
7891,6
7892,5
7893,14
7894,20
7895,12
7896,2
7897,26
7898,10
7899,7
7900,7
7901,6
7902,9
7903,15
7904,9
7905,28
7906,14
7907,1
7908,15
7909,20
7910,11
7911,11
7912,5
7913,1
7914,17
7915,4
7916,7
7917,15
7918,10
7919,18
7920,7
7921,23
7922,3
7923,16
7924,3
7925,6
7926,9
7927,4
7928,3
7929,3
7930,6
7931,30
7932,6
7933,16
7934,8
7935,10
7936,6
7937,1
7938,1
7939,5
7940,1
7941,4
7942,11
7943,5
7944,21
7945,16
7946,8
7947,3
7948,1
7949,6
7950,9
7951,4
7952,11
7953,1
7954,10
7955,4
7956,5
7957,14
7958,3
7959,6
7960,7
7961,7
7962,5
7963,4
7964,1
7965,4
7966,9
7967,6
7968,6
7969,1
7970,11
7971,12
7972,6
7973,25
7974,27
7975,7
7976,3
7977,18
7978,7
7979,2
7980,12
7981,4
7982,11
7983,2
7984,16
7985,14
7986,13
7987,3
7988,3
7989,4
7990,12
7991,8
7992,10
7993,13
7994,3
7995,15
7996,13
7997,14
7998,2
7999,12
8000,25
8001,2
8002,2
8003,6
8004,13
8005,8
8006,3
8007,7
8008,1
8009,10
8010,7
8011,23
8012,6
8013,17
8014,17
8015,8
8016,1
8017,3
8018,1
8019,8
8020,4
8021,5
8022,2
8023,3
8024,21
8025,19
8026,6
8027,2
8028,3
8029,1
8030,1
8031,2
8032,21
8033,1
8034,4
8035,8
8036,7
8037,19
8038,8
8039,6
8040,11
8041,5
8042,18
8043,1
8044,14
8045,12
8046,11
8047,4
8048,1
8049,27
8050,1
8051,27
8052,5
8053,16
8054,1
8055,9
8056,2
8057,7
8058,16
8059,5
8060,9
8061,2
8062,14
8063,8
8064,8
8065,14
8066,17
8067,5
8068,4
8069,8
8070,3
8071,2
8072,13
8073,10
8074,9
8075,11
8076,6
8077,15
8078,10
8079,13
8080,1
8081,16
8082,2
8083,8
8084,11
8085,4
8086,8
8087,23
8088,4
8089,10
8090,4
8091,15
8092,7
8093,1
8094,9
8095,1
8096,3
8097,5
8098,12
8099,10
8100,1
8101,12
8102,9
8103,3
8104,1
8105,6
8106,4
8107,6
8108,2
8109,1
8110,4
8111,3
8112,3
8113,22
8114,6
8115,3
8116,7
8117,22
8118,1
8119,4
8120,5
8121,10
8122,10
8123,5
8124,12
8125,4
8126,25
8127,5
8128,19
8129,1
8130,11
8131,6
8132,2
8133,7
8134,5
8135,2
8136,2
8137,3
8138,3
8139,9
8140,9
8141,2
8142,2
8143,3
8144,9
8145,9
8146,9
8147,2
8148,1
8149,1
8150,7
8151,13
8152,10
8153,3
8154,10
8155,12
8156,15
8157,13
8158,15
8159,9
8160,11
8161,9
8162,6
8163,8
8164,8
8165,7
8166,9
8167,3
8168,4
8169,17
8170,16
8171,23
8172,4
8173,6
8174,12
8175,4
8176,1
8177,3
8178,8
8179,17
8180,32
8181,3
8182,3
8183,16
8184,21
8185,18
8186,3
8187,16
8188,3
8189,1
8190,14
8191,12
8192,9
8193,4
8194,24
8195,8
8196,12
8197,4
8198,6
8199,15
8200,19
8201,2
8202,2
8203,5
8204,4
8205,9
8206,4
8207,15
8208,8
8209,11
8210,4
8211,1
8212,3
8213,28
8214,2
8215,10
8216,11
8217,14
8218,4
8219,4
8220,10
8221,14
8222,16
8223,20
8224,1
8225,12
8226,5
8227,18
8228,9
8229,10
8230,7
8231,3
8232,16
8233,15
8234,2
8235,18
8236,3
8237,7
8238,7
8239,10
8240,2
8241,9
8242,9
8243,8
8244,5
8245,10
8246,4
8247,5
8248,12
8249,8
8250,6
8251,4
8252,5
8253,5
8254,12
8255,6
8256,17
8257,1
8258,4
8259,6
8260,12
8261,10
8262,4
8263,23
8264,13
8265,6
8266,1
8267,17
8268,2
8269,25
8270,3
8271,14
8272,6
8273,2
8274,10
8275,7
8276,7
8277,5
8278,1
8279,10
8280,3
8281,6
8282,1
8283,8
8284,1
8285,5
8286,5
8287,3
8288,8
8289,7
8290,12
8291,16
8292,1
8293,31
8294,9
8295,10
8296,2
8297,22
8298,1
8299,5
8300,8
8301,9
8302,8
8303,3
8304,2
8305,6
8306,7
8307,6
8308,9
8309,4
8310,5
8311,4
8312,1
8313,5
8314,10
8315,3
8316,5
8317,4
8318,7
8319,11
8320,14
8321,5
8322,18
8323,3
8324,16
8325,13
8326,7
8327,6
8328,2
8329,6
8330,3
8331,12
8332,3
8333,16
8334,3
8335,4
8336,1
8337,18
8338,1
8339,9
8340,9
8341,11
8342,7
8343,1
8344,1
8345,11
8346,8
8347,1
8348,1
8349,7
8350,4
8351,13
8352,5
8353,16
8354,8
8355,3
8356,10
8357,12
8358,8
8359,4
8360,15
8361,13
8362,5
8363,11
8364,3
8365,6
8366,7
8367,7
8368,3
8369,4
8370,4
8371,9
8372,13
8373,1
8374,3
8375,13
8376,15
8377,7
8378,8
8379,5
8380,20
8381,3
8382,8
8383,8
8384,1
8385,15
8386,4
8387,4
8388,17
8389,23
8390,12
8391,15
8392,6
8393,12
8394,9
8395,8
8396,8
8397,4
8398,5
8399,1
8400,36
8401,11
8402,3
8403,12
8404,4
8405,9
8406,5
8407,8
8408,6
8409,19
8410,18
8411,4
8412,3
8413,3
8414,6
8415,6
8416,21
8417,33
8418,22
8419,8
8420,6
8421,18
8422,4
8423,11
8424,8
8425,9
8426,26
8427,15
8428,18
8429,3
8430,12
8431,6
8432,2
8433,2
8434,8
8435,2
8436,1
8437,12
8438,7
8439,6
8440,20
8441,4
8442,1
8443,14
8444,14
8445,8
8446,12
8447,10
8448,8
8449,12
8450,8
8451,19
8452,16
8453,14
8454,13
8455,6
8456,9
8457,20
8458,7
8459,1
8460,24
8461,19
8462,2
8463,8
8464,9
8465,2
8466,17
8467,3
8468,33
8469,20
8470,7
8471,10
8472,28
8473,1
8474,9
8475,8
8476,6
8477,15
8478,7
8479,19
8480,7
8481,10
8482,11
8483,1
8484,11
8485,3
8486,4
8487,3
8488,7
8489,3
8490,3
8491,11
8492,2
8493,12
8494,6
8495,11
8496,3
8497,12
8498,14
8499,19
8500,9
8501,2
8502,27
8503,6
8504,4
8505,22
8506,12
8507,12
8508,26
8509,9
8510,14
8511,10
8512,12
8513,22
8514,11
8515,15
8516,17
8517,3
8518,4
8519,27
8520,14
8521,1
8522,5
8523,6
8524,15
8525,11
8526,5
8527,14
8528,12
8529,5
8530,26
8531,7
8532,20
8533,15
8534,20
8535,1
8536,1
8537,20
8538,3
8539,4
8540,16
8541,6
8542,1
8543,12
8544,30
8545,6
8546,12
8547,3
8548,15
8549,21
8550,2
8551,7
8552,14
8553,12
8554,4
8555,11
8556,8
8557,11
8558,7
8559,4
8560,3
8561,2
8562,3
8563,1
8564,3
8565,4
8566,11
8567,26
8568,3
8569,24
8570,8
8571,15
8572,13
8573,4
8574,12
8575,11
8576,21
8577,1
8578,3
8579,3
8580,8
8581,2
8582,5
8583,17
8584,14
8585,10
8586,17
8587,10
8588,8
8589,29
8590,7
8591,2
8592,9
8593,20
8594,5
8595,12
8596,1
8597,4
8598,10
8599,3
8600,6
8601,8
8602,3
8603,1
8604,2
8605,16
8606,11
8607,6
8608,28
8609,27
8610,1
8611,8
8612,6
8613,1
8614,3
8615,14
8616,10
8617,6
8618,1
8619,1
8620,11
8621,25
8622,3
8623,20
8624,9
8625,22
8626,10
8627,13
8628,3
8629,23
8630,12
8631,20
8632,6
8633,2
8634,10
8635,4
8636,5
8637,15
8638,8
8639,1
8640,2
8641,2
8642,4
8643,5
8644,1
8645,3
8646,8
8647,14
8648,15
8649,1
8650,4
8651,10
8652,13
8653,4
8654,3
8655,10
8656,3
8657,10
8658,4
8659,19
8660,25
8661,1
8662,12
8663,8
8664,18
8665,6
8666,20
8667,6
8668,9
8669,5
8670,5
8671,7
8672,3
8673,4
8674,6
8675,46
8676,7
8677,2
8678,5
8679,17
8680,20
8681,19
8682,10
8683,3
8684,15
8685,11
8686,15
8687,5
8688,18
8689,21
8690,41
8691,8
8692,15
8693,6
8694,9
8695,10
8696,6
8697,5
8698,7
8699,1
8700,7
8701,3
8702,7
8703,2
8704,14
8705,6
8706,5
8707,10
8708,16
8709,12
8710,8
8711,3
8712,17
8713,4
8714,2
8715,13
8716,27
8717,21
8718,1
8719,2
8720,20
8721,8
8722,4
8723,17
8724,5
8725,2
8726,13
8727,22
8728,11
8729,25
8730,17
8731,2
8732,18
8733,8
8734,11
8735,5
8736,8
8737,12
8738,7
8739,9
8740,16
8741,2
8742,10
8743,15
8744,1
8745,1
8746,2
8747,7
8748,11
8749,14
8750,1
8751,2
8752,11
8753,5
8754,17
8755,19
8756,12
8757,10
8758,15
8759,1
8760,15
8761,4
8762,28
8763,6
8764,22
8765,3
8766,6
8767,6
8768,17
8769,2
8770,13
8771,18
8772,7
8773,7
8774,13
8775,1
8776,1
8777,13
8778,10
8779,15
8780,1
8781,14
8782,5
8783,6
8784,14
8785,12
8786,6
8787,1
8788,40
8789,4
8790,20
8791,2
8792,20
8793,5
8794,7
8795,10
8796,12
8797,3
8798,11
8799,7
8800,1
8801,12
8802,2
8803,6
8804,2
8805,8
8806,5
8807,5
8808,1
8809,31
8810,6
8811,10
8812,2
8813,13
8814,10
8815,4
8816,14
8817,9
8818,22
8819,13
8820,10
8821,3
8822,8
8823,11
8824,5
8825,3
8826,10
8827,4
8828,34
8829,2
8830,6
8831,14
8832,11
8833,7
8834,16
8835,13
8836,15
8837,4
8838,2
8839,17
8840,1
8841,12
8842,12
8843,2
8844,5
8845,6
8846,2
8847,7
8848,2
8849,12
8850,2
8851,10
8852,7
8853,15
8854,11
8855,5
8856,7
8857,9
8858,6
8859,4
8860,10
8861,7
8862,4
8863,5
8864,2
8865,4
8866,12
8867,3
8868,7
8869,3
8870,3
8871,15
8872,1
8873,6
8874,9
8875,13
8876,5
8877,4
8878,6
8879,3
8880,2
8881,4
8882,13
8883,30
8884,18
8885,3
8886,13
8887,23
8888,19
8889,13
8890,9
8891,4
8892,16
8893,7
8894,5
8895,5
8896,3
8897,16
8898,12
8899,16
8900,10
8901,11
8902,8
8903,11
8904,9
8905,18
8906,5
8907,13
8908,18
8909,28
8910,6
8911,8
8912,37
8913,28
8914,4
8915,1
8916,12
8917,3
8918,18
8919,2
8920,7
8921,25
8922,14
8923,10
8924,12
8925,7
8926,3
8927,4
8928,16
8929,9
8930,16
8931,9
8932,7
8933,5
8934,12
8935,31
8936,22
8937,1
8938,26
8939,12
8940,20
8941,11
8942,10
8943,11
8944,17
8945,14
8946,8
8947,11
8948,25
8949,18
8950,17
8951,9
8952,18
8953,14
8954,4
8955,24
8956,20
8957,13
8958,28
8959,17
8960,19
8961,19
8962,16
8963,34
8964,7
8965,13
8966,2
8967,32
8968,11
8969,26
8970,9
8971,9
8972,20
8973,7
8974,22
8975,8
8976,5
8977,5
8978,10
8979,11
8980,2
8981,7
8982,8
8983,15
8984,3
8985,15
8986,3
8987,8
8988,3
8989,1
8990,27
8991,16
8992,10
8993,14
8994,16
8995,15
8996,2
8997,13
8998,11
8999,13
9000,5
9001,27
9002,16
9003,4
9004,1
9005,6
9006,20
9007,9
9008,23
9009,13
9010,7
9011,19
9012,6
9013,3
9014,9
9015,5
9016,2
9017,22
9018,2
9019,10
9020,14
9021,9
9022,2
9023,12
9024,3
9025,12
9026,11
9027,14
9028,2
9029,1
9030,2
9031,1
9032,24
9033,9
9034,18
9035,9
9036,8
9037,13
9038,14
9039,34
9040,12
9041,6
9042,7
9043,8
9044,15
9045,9
9046,1
9047,7
9048,20
9049,3
9050,10
9051,5
9052,5
9053,11
9054,12
9055,16
9056,14
9057,7
9058,3
9059,13
9060,15
9061,6
9062,13
9063,16
9064,5
9065,5
9066,21
9067,13
9068,12
9069,9
9070,4
9071,19
9072,9
9073,8
9074,2
9075,5
9076,11
9077,10
9078,17
9079,23
9080,17
9081,20
9082,7
9083,3
9084,36
9085,4
9086,8
9087,2
9088,6
9089,10
9090,8
9091,4
9092,12
9093,9
9094,9
9095,3
9096,7
9097,8
9098,13
9099,4
9100,4
9101,7
9102,11
9103,1
9104,29
9105,25
9106,14
9107,25
9108,3
9109,12
9110,26
9111,11
9112,3
9113,3
9114,13
9115,18
9116,15
9117,1
9118,15
9119,14
9120,6
9121,11
9122,8
9123,9
9124,41
9125,18
9126,8
9127,1
9128,7
9129,1
9130,29
9131,9
9132,17
9133,2
9134,5
9135,16
9136,11
9137,3
9138,2
9139,8
9140,3
9141,21
9142,10
9143,7
9144,8
9145,18
9146,15
9147,3
9148,7
9149,20
9150,5
9151,7
9152,7
9153,11
9154,13
9155,23
9156,26
9157,3
9158,7
9159,2
9160,15
9161,20
9162,1
9163,7
9164,9
9165,3
9166,10
9167,18
9168,24
9169,23
9170,17
9171,22
9172,15
9173,15
9174,8
9175,22
9176,12
9177,10
9178,3
9179,12
9180,23
9181,4
9182,1
9183,14
9184,4
9185,39
9186,21
9187,28
9188,9
9189,17
9190,17
9191,12
9192,5
9193,5
9194,6
9195,4
9196,11
9197,20
9198,2
9199,8
9200,5
9201,8
9202,2
9203,30
9204,25
9205,16
9206,9
9207,3
9208,15
9209,5
9210,19
9211,22
9212,17
9213,13
9214,19
9215,12
9216,15
9217,19
9218,29
9219,5
9220,5
9221,24
9222,13
9223,23
9224,18
9225,35
9226,16
9227,2
9228,5
9229,1
9230,2
9231,13
9232,3
9233,2
9234,14
9235,14
9236,3
9237,1
9238,6
9239,9
9240,23
9241,3
9242,2
9243,2
9244,16
9245,2
9246,17
9247,21
9248,5
9249,1
9250,3
9251,6
9252,12
9253,9
9254,2
9255,1
9256,5
9257,17
9258,2
9259,15
9260,2
9261,19
9262,5
9263,3
9264,9
9265,2
9266,15
9267,2
9268,16
9269,8
9270,5
9271,35
9272,7
9273,16
9274,10
9275,6
9276,16
9277,12
9278,13
9279,10
9280,11
9281,15
9282,22
9283,3
9284,7
9285,29
9286,3
9287,15
9288,5
9289,4
9290,2
9291,11
9292,6
9293,4
9294,3
9295,2
9296,12
9297,5
9298,9
9299,3
9300,7
9301,5
9302,2
9303,1
9304,11
9305,7
9306,3
9307,6
9308,35
9309,18
9310,10
9311,7
9312,5
9313,1
9314,20
9315,13
9316,3
9317,16
9318,12
9319,4
9320,17
9321,14
9322,7
9323,11
9324,8
9325,9
9326,2
9327,8
9328,13
9329,11
9330,6
9331,8
9332,2
9333,4
9334,12
9335,7
9336,7
9337,19
9338,6
9339,5
9340,10
9341,4
9342,6
9343,22
9344,8
9345,9
9346,11
9347,20
9348,15
9349,29
9350,10
9351,12
9352,10
9353,1
9354,1
9355,6
9356,3
9357,10
9358,2
9359,7
9360,5
9361,11
9362,15
9363,4
9364,6
9365,20
9366,12
9367,3
9368,1
9369,17
9370,10
9371,14
9372,16
9373,10
9374,3
9375,11
9376,10
9377,3
9378,16
9379,10
9380,1
9381,17
9382,3
9383,9
9384,9
9385,14
9386,6
9387,3
9388,14
9389,23
9390,16
9391,10
9392,9
9393,15
9394,6
9395,10
9396,8
9397,23
9398,4
9399,15
9400,14
9401,11
9402,17
9403,8
9404,15
9405,12
9406,16
9407,14
9408,9
9409,7
9410,2
9411,12
9412,9
9413,11
9414,6
9415,5
9416,7
9417,1
9418,6
9419,5
9420,25
9421,9
9422,7
9423,6
9424,11
9425,1
9426,10
9427,4
9428,4
9429,12
9430,17
9431,4
9432,8
9433,18
9434,9
9435,15
9436,1
9437,12
9438,9
9439,2
9440,10
9441,13
9442,7
9443,14
9444,2
9445,4
9446,1
9447,21
9448,2
9449,5
9450,3
9451,15
9452,11
9453,29
9454,12
9455,21
9456,9
9457,1
9458,12
9459,11
9460,6
9461,14
9462,6
9463,21
9464,2
9465,11
9466,7
9467,1
9468,6
9469,13
9470,11
9471,17
9472,12
9473,5
9474,2
9475,12
9476,4
9477,7
9478,22
9479,2
9480,14
9481,5
9482,12
9483,2
9484,18
9485,14
9486,9
9487,6
9488,12
9489,4
9490,16
9491,13
9492,10
9493,1
9494,15
9495,6
9496,16
9497,1
9498,8
9499,14
9500,11
9501,15
9502,7
9503,12
9504,8
9505,24
9506,25
9507,2
9508,4
9509,9
9510,8
9511,5
9512,27
9513,4
9514,10
9515,11
9516,4
9517,29
9518,17
9519,4
9520,17
9521,6
9522,6
9523,14
9524,8
9525,14
9526,3
9527,15
9528,9
9529,9
9530,8
9531,19
9532,10
9533,10
9534,27
9535,7
9536,9
9537,2
9538,14
9539,4
9540,11
9541,9
9542,6
9543,24
9544,3
9545,3
9546,6
9547,17
9548,13
9549,3
9550,6
9551,9
9552,5
9553,13
9554,4
9555,8
9556,7
9557,4
9558,13
9559,1
9560,6
9561,5
9562,1
9563,5
9564,8
9565,10
9566,16
9567,12
9568,1
9569,3
9570,7
9571,1
9572,2
9573,2
9574,5
9575,12
9576,3
9577,1
9578,5
9579,3
9580,10
9581,6
9582,9
9583,2
9584,9
9585,1
9586,3
9587,18
9588,12
9589,2
9590,1
9591,8
9592,4
9593,7
9594,15
9595,1
9596,1
9597,18
9598,26
9599,14
9600,16
9601,14
9602,13
9603,1
9604,18
9605,5
9606,14
9607,6
9608,8
9609,8
9610,19
9611,13
9612,2
9613,22
9614,4
9615,14
9616,21
9617,15
9618,9
9619,15
9620,11
9621,7
9622,6
9623,2
9624,4
9625,3
9626,6
9627,23
9628,5
9629,10
9630,9
9631,7
9632,6
9633,21
9634,2
9635,9
9636,5
9637,11
9638,13
9639,3
9640,3
9641,20
9642,19
9643,14
9644,9
9645,12
9646,10
9647,1
9648,2
9649,16
9650,29
9651,16
9652,12
9653,2
9654,18
9655,20
9656,8
9657,7
9658,5
9659,4
9660,1
9661,14
9662,1
9663,5
9664,9
9665,21
9666,17
9667,16
9668,13
9669,26
9670,10
9671,8
9672,24
9673,2
9674,2
9675,22
9676,13
9677,4
9678,11
9679,8
9680,42
9681,18
9682,6
9683,6
9684,10
9685,11
9686,5
9687,6
9688,22
9689,6
9690,4
9691,7
9692,1
9693,3
9694,3
9695,4
9696,7
9697,3
9698,22
9699,1
9700,8
9701,3
9702,1
9703,1
9704,8
9705,8
9706,1
9707,15
9708,19
9709,8
9710,17
9711,12
9712,12
9713,14
9714,3
9715,16
9716,14
9717,23
9718,27
9719,22
9720,2
9721,10
9722,16
9723,4
9724,2
9725,19
9726,16
9727,6
9728,3
9729,11
9730,7
9731,14
9732,12
9733,14
9734,8
9735,17
9736,1
9737,2
9738,14
9739,13
9740,3
9741,22
9742,16
9743,3
9744,1
9745,7
9746,12
9747,5
9748,19
9749,27
9750,12
9751,7
9752,12
9753,4
9754,29
9755,8
9756,6
9757,23
9758,9
9759,1
9760,9
9761,16
9762,1
9763,19
9764,8
9765,26
9766,28
9767,2
9768,2
9769,10
9770,7
9771,7
9772,2
9773,7
9774,10
9775,30
9776,16
9777,5
9778,8
9779,9
9780,14
9781,2
9782,6
9783,8
9784,4
9785,14
9786,7
9787,7
9788,3
9789,1
9790,4
9791,9
9792,5
9793,5
9794,6
9795,1
9796,2
9797,2
9798,6
9799,19
9800,6
9801,2
9802,1
9803,14
9804,19
9805,15
9806,8
9807,17
9808,18
9809,1
9810,9
9811,6
9812,7
9813,5
9814,5
9815,8
9816,3
9817,1
9818,2
9819,6
9820,3
9821,18
9822,24
9823,5
9824,13
9825,2
9826,10
9827,3
9828,9
9829,5
9830,2
9831,10
9832,8
9833,2
9834,11
9835,3
9836,10
9837,5
9838,7
9839,14
9840,14
9841,5
9842,4
9843,12
9844,6
9845,1
9846,11
9847,7
9848,2
9849,1
9850,4
9851,7
9852,13
9853,5
9854,4
9855,1
9856,14
9857,21
9858,6
9859,2
9860,17
9861,5
9862,8
9863,2
9864,11
9865,15
9866,12
9867,9
9868,4
9869,2
9870,15
9871,9
9872,9
9873,18
9874,12
9875,15
9876,15
9877,10
9878,14
9879,10
9880,3
9881,13
9882,3
9883,1
9884,2
9885,18
9886,14
9887,7
9888,25
9889,23
9890,13
9891,6
9892,12
9893,1
9894,8
9895,10
9896,20
9897,11
9898,32
9899,19
9900,16
9901,5
9902,29
9903,9
9904,3
9905,3
9906,17
9907,5
9908,2
9909,4
9910,4
9911,25
9912,3
9913,17
9914,1
9915,17
9916,11
9917,20
9918,3
9919,23
9920,13
9921,2
9922,12
9923,4
9924,1
9925,18
9926,15
9927,7
9928,19
9929,6
9930,16
9931,6
9932,15
9933,7
9934,7
9935,13
9936,17
9937,4
9938,12
9939,23
9940,17
9941,7
9942,14
9943,21
9944,6
9945,25
9946,9
9947,2
9948,25
9949,9
9950,23
9951,7
9952,12
9953,22
9954,27
9955,16
9956,10
9957,3
9958,7
9959,17
9960,13
9961,4
9962,16
9963,2
9964,29
9965,16
9966,14
9967,10
9968,21
9969,6
9970,4
9971,9
9972,14
9973,1
9974,2
9975,4
9976,2
9977,9
9978,11
9979,3
9980,17
9981,8
9982,9
9983,12
9984,7
9985,1
9986,5
9987,15
9988,5
9989,14
9990,10
9991,10
9992,16
9993,2
9994,3
9995,4
9996,8
9997,10
9998,26
9999,14
10000,20
10001,22
10002,5
10003,1
10004,16
10005,11
10006,7
10007,28
10008,1
10009,3
10010,18
10011,6
10012,12
10013,10
10014,7
10015,19
10016,5
10017,7
10018,17
10019,23
10020,12
10021,12
10022,4
10023,4
10024,8
10025,9
10026,14
10027,11
10028,17
10029,8
10030,10
10031,15
10032,5
10033,2
10034,11
10035,7
10036,11
10037,6
10038,12
10039,4
10040,4
10041,1
10042,8
10043,4
10044,13
10045,5
10046,10
10047,7
10048,14
10049,10
10050,4
10051,6
10052,20
10053,1
10054,14
10055,5
10056,11
10057,13
10058,7
10059,9
10060,9
10061,7
10062,14
10063,3
10064,17
10065,3
10066,5
10067,20
10068,12
10069,15
10070,3
10071,17
10072,1
10073,5
10074,14
10075,3
10076,10
10077,7
10078,8
10079,4
10080,12
10081,1
10082,4
10083,3
10084,11
10085,7
10086,6
10087,14
10088,12
10089,5
10090,3
10091,10
10092,4
10093,20
10094,4
10095,12
10096,2
10097,19
10098,6
10099,5
10100,25
10101,7
10102,10
10103,8
10104,1
10105,10
10106,3
10107,8
10108,12
10109,1
10110,14
10111,2
10112,5
10113,8
10114,27
10115,1
10116,18
10117,5
10118,4
10119,17
10120,3
10121,13
10122,5
10123,5
10124,3
10125,2
10126,3
10127,10
10128,13
10129,4
10130,1
10131,12
10132,6
10133,5
10134,15
10135,7
10136,16
10137,1
10138,8
10139,16
10140,7
10141,6
10142,5
10143,1
10144,19
10145,20
10146,7
10147,12
10148,16
10149,3
10150,6
10151,13
10152,8
10153,8
10154,3
10155,8
10156,1
10157,7
10158,10
10159,18
10160,24
10161,4
10162,3
10163,6
10164,17
10165,10
10166,5
10167,12
10168,1
10169,13
10170,2
10171,3
10172,6
10173,10
10174,11
10175,7
10176,7
10177,3
10178,6
10179,11
10180,11
10181,2
10182,2
10183,27
10184,2
10185,6
10186,7
10187,13
10188,7
10189,4
10190,6
10191,8
10192,7
10193,6
10194,19
10195,8
10196,1
10197,8
10198,1
10199,8
10200,6
10201,18
10202,10
10203,14
10204,11
10205,15
10206,6
10207,17
10208,1
10209,2
10210,5
10211,15
10212,26
10213,15
10214,20
10215,22
10216,2
10217,5
10218,5
10219,3
10220,1
10221,10
10222,3
10223,1
10224,9
10225,11
10226,6
10227,10
10228,1
10229,9
10230,11
10231,5
10232,6
10233,10
10234,18
10235,17
10236,20
10237,14
10238,5
10239,16
10240,6
10241,3
10242,4
10243,10
10244,1
10245,7
10246,3
10247,17
10248,9
10249,8
10250,10
10251,18
10252,8
10253,18
10254,1
10255,8
10256,23
10257,6
10258,10
10259,2
10260,6
10261,19
10262,5
10263,7
10264,6
10265,14
10266,12
10267,6
10268,12
10269,18
10270,25
10271,5
10272,10
10273,7
10274,6
10275,9
10276,4
10277,11
10278,2
10279,6
10280,7
10281,5
10282,4
10283,6
10284,5
10285,1
10286,2
10287,4
10288,10
10289,4
10290,1
10291,2
10292,9
10293,12
10294,2
10295,2
10296,5
10297,6
10298,23
10299,18
10300,9
10301,13
10302,1
10303,1
10304,21
10305,8
10306,9
10307,1
10308,8
10309,9
10310,2
10311,3
10312,3
10313,1
10314,7
10315,6
10316,12
10317,20
10318,10
10319,4
10320,2
10321,12
10322,2
10323,7
10324,10
10325,6
10326,7
10327,6
10328,8
10329,6
10330,8
10331,9
10332,10
10333,4
10334,1
10335,1
10336,6
10337,8
10338,14
10339,12
10340,1
10341,11
10342,5
10343,4
10344,4
10345,5
10346,5
10347,4
10348,10
10349,14
10350,3
10351,3
10352,11
10353,3
10354,3
10355,9
10356,4
10357,1
10358,1
10359,2
10360,16
10361,13
10362,16
10363,3
10364,4
10365,3
10366,7
10367,7
10368,16
10369,10
10370,11
10371,7
10372,11
10373,20
10374,5
10375,2
10376,18
10377,5
10378,8
10379,13
10380,35
10381,7
10382,5
10383,14
10384,2
10385,12
10386,7
10387,11
10388,2
10389,16
10390,6
10391,17
10392,17
10393,14
10394,19
10395,12
