id,root
1,33
2,34
3,6
4,9
5,10
6,6
7,4
8,6
9,22
10,5
11,27
12,13
13,13
14,5
15,30
16,6
17,18
18,1
19,24
20,26
21,1
22,13
23,8
24,28
25,30
26,17
27,1
28,3
29,17
30,23
31,12
32,1
33,9
34,13
35,26
36,22
37,20
38,1
39,4
40,19
41,3
42,18
43,7
44,5
45,39
46,21
47,17
48,30
49,5
50,8
51,14
52,20
53,30
54,60
55,2
56,27
57,25
58,43
59,30
60,6
61,4
62,15
63,3
64,39
65,24
66,22
67,2
68,14
69,10
70,27
71,13
72,11
73,8
74,4
75,2
76,18
77,18
78,19
79,29
80,4
81,12
82,8
83,19
84,28
85,10
86,9
87,26
88,19
89,21
90,3
91,24
92,18
93,16
94,25
95,6
96,29
97,8
98,2
99,17
100,19
101,12
102,7
103,5
104,17
105,8
106,1
107,31
108,4
109,18
110,6
111,7
112,28
113,42
114,9
115,27
116,9
117,1
118,11
119,13
120,9
121,14
122,10
123,14
124,14
125,13
126,27
127,6
128,33
129,32
130,20
131,18
132,5
133,25
134,19
135,5
136,10
137,13
138,27
139,13
140,15
141,2
142,25
143,14
144,23
145,3
146,8
147,16
148,4
149,19
150,9
151,3
152,23
153,14
154,24
155,2
156,13
157,13
158,18
159,27
160,1
161,8
162,7
163,6
164,14
165,13
166,10
167,28
168,14
169,4
170,2
171,12
172,12
173,12
174,26
175,11
176,6
177,5
178,14
179,20
180,11
181,13
182,5
183,14
184,12
185,29
186,21
187,9
188,9
189,15
190,18
191,11
192,7
193,8
194,40
195,4
196,15
197,41
198,13
199,3
200,21
201,31
202,16
203,8
204,8
205,17
206,35
207,1
208,23
209,9
210,9
211,15
212,19
213,12
214,25
215,4
216,12
217,5
218,12
219,25
220,4
221,37
222,22
223,16
224,4
225,18
226,16
227,16
228,20
229,2
230,12
231,16
232,3
233,9
234,14
235,11
236,21
237,16
238,2
239,17
240,12
241,1
242,25
243,16
244,36
245,14
246,33
247,18
248,22
249,19
250,30
251,13
252,6
253,10
254,12
255,7
256,32
257,26
258,26
259,35
260,56
261,8
262,12
263,12
264,28
265,5
266,21
267,23
268,5
269,14
270,36
271,24
272,2
273,31
274,13
275,22
276,23
277,34
278,5
279,3
280,8
281,9
282,8
283,38
284,4
285,16
286,18
287,22
288,2
289,11
290,11
291,6
292,3
293,1
294,20
295,7
296,20
297,6
298,13
299,10
300,16
301,23
302,8
303,27
304,18
305,17
306,9
307,12
308,14
309,13
310,22
311,14
312,21
313,28
314,7
315,34
316,21
317,30
318,15
319,12
320,31
321,23
322,11
323,5
324,18
325,24
326,12
327,18
328,21
329,8
330,16
331,1
332,4
333,12
334,9
335,2
336,34
337,12
338,5
339,11
340,19
341,2
342,6
343,24
344,15
345,13
346,5
347,2
348,2
349,13
350,16
351,21
352,10
353,9
354,1
355,15
356,42
357,11
358,20
359,11
360,11
361,14
362,5
363,26
364,11
365,15
366,4
367,8
368,25
369,6
370,33
371,11
372,22
373,36
374,3
375,24
376,6
377,11
378,3
379,17
380,1
381,9
382,6
383,3
384,4
385,17
386,15
387,5
388,17
389,4
390,9
391,2
392,4
393,20
394,13
395,9
396,8
397,6
398,20
399,1
400,9
401,10
402,22
403,30
404,26
405,21
406,20
407,20
408,8
409,11
410,19
411,18
412,2
413,22
414,11
415,12
416,4
417,41
418,15
419,17
420,8
421,2
422,1
423,1
424,10
425,3
426,4
427,26
428,3
429,1
430,5
431,21
432,13
433,9
434,12
435,6
436,3
437,13
438,7
439,27
440,17
441,18
442,5
443,18
444,7
445,5
446,20
447,15
448,4
449,25
450,3
451,1
452,10
453,6
454,11
455,5
456,26
457,9
458,3
459,7
460,11
461,21
462,3
463,3
464,6
465,16
466,11
467,7
468,9
469,22
470,16
471,34
472,46
473,18
474,6
475,5
476,7
477,17
478,15
479,2
480,23
481,9
482,15
483,19
484,15
485,23
486,7
487,5
488,3
489,25
490,1
491,29
492,15
493,1
494,24
495,6
496,10
497,11
498,5
499,6
500,1
501,12
502,1
503,12
504,4
505,7
506,17
507,4
508,10
509,1
510,6
511,6
512,5
513,7
514,13
515,4
516,5
517,6
518,5
519,10
520,22
521,15
522,2
523,15
524,1
525,13
526,6
527,11
528,6
529,12
530,3
531,7
532,9
533,19
534,2
535,6
536,11
537,13
538,9
539,8
540,15
541,11
542,4
543,17
544,5
545,3
546,7
547,1
548,16
549,16
550,3
551,5
552,12
553,5
554,7
555,8
556,4
557,10
558,2
559,14
560,5
561,5
562,7
563,6
564,2
565,14
566,4
567,8
568,6
569,1
570,10
571,6
572,2
573,10
574,3
575,1
576,12
577,1
578,11
579,10
580,4
581,5
582,14
583,10
584,18
585,8
586,8
587,16
588,11
589,4
590,19
591,13
592,6
593,3
594,6
595,14
596,13
597,1
598,3
599,14
600,3
601,3
602,15
603,2
604,10
605,6
606,4
607,7
608,23
609,4
610,4
611,2
612,14
613,7
614,2
615,11
616,5
617,17
618,1
619,11
620,1
621,10
622,1
623,7
624,3
625,4
626,18
627,3
628,5
629,11
630,3
631,5
632,2
633,5
634,2
635,11
636,2
637,8
638,7
639,6
640,9
641,4
642,1
643,2
644,10
645,3
646,5
647,11
648,6
649,1
650,1
651,13
652,10
653,1
654,9
655,7
656,3
657,2
658,3
659,6
660,3
661,1
662,13
663,2
664,1
665,5
666,4
667,7
668,9
669,5
670,4
671,2
672,7
673,3
674,8
675,5
676,3
677,13
678,7
679,3
680,10
681,1
682,3
683,5
684,2
685,7
686,1
687,11
688,4
689,2
690,16
691,8
692,21
693,5
694,12
695,8
696,4
697,2
698,3
699,8
700,2
701,6
702,6
703,14
704,11
705,2
706,8
707,4
708,3
709,13
710,5
711,11
712,1
713,6
714,13
715,1
716,15
717,10
718,4
719,3
720,6
721,2
722,2
723,7
724,4
725,6
726,2
727,5
728,2
729,13
730,4
731,3
732,1
733,7
734,3
735,5
736,3
737,11
738,1
739,15
740,1
741,6
742,4
743,1
744,10
745,10
746,3
747,21
748,1
749,9
750,4
751,15
752,8
753,16
754,14
755,9
756,13
757,13
758,7
759,15
760,4
761,5
762,4
763,2
764,1
765,17
766,8
767,4
768,7
769,2
770,9
771,15
772,12
773,3
774,11
775,15
776,4
777,3
778,25
779,4
780,2
781,8
782,4
783,1
784,12
785,1
786,7
787,6
788,2
789,10
790,4
791,15
792,9
793,1
794,6
795,9
796,1
797,3
798,7
799,1
800,4
801,6
802,6
803,6
804,6
805,5
806,13
807,7
808,13
809,2
810,15
811,4
812,15
813,2
814,5
815,6
816,11
817,1
818,2
819,8
820,6
821,15
822,9
823,7
824,8
825,12
826,1
827,1
828,6
829,9
830,14
831,17
832,10
833,6
834,10
835,15
836,9
837,5
838,1
839,9
840,2
841,2
842,2
843,4
844,22
845,7
846,9
847,3
848,3
849,7
850,6
851,5
852,2
853,2
854,5
855,8
856,19
857,2
858,7
859,3
860,2
861,10
862,4
863,3
864,12
865,18
866,7
867,9
868,38
869,10
870,20
871,2
872,6
873,5
874,1
875,4
876,4
877,4
878,5
879,1
880,7
881,9
882,1
883,1
884,18
885,5
886,5
887,4
888,7
889,16
890,1
891,3
892,9
893,4
894,12
895,2
896,2
897,1
898,15
899,8
900,3
901,7
902,5
903,10
904,6
905,18
906,2
907,4
908,4
909,7
910,3
911,1
912,1
913,2
914,7
915,9
916,6
917,3
918,2
919,10
920,8
921,5
922,7
923,6
924,1
925,10
926,2
927,3
928,4
929,9
930,5
931,5
932,8
933,7
934,5
935,14
936,9
937,6
938,5
939,2
940,2
941,7
942,9
943,5
944,4
945,2
946,6
947,12
948,7
949,1
950,10
951,14
952,1
953,3
954,6
955,7
956,2
957,2
958,5
959,1
960,13
961,1
962,5
963,3
964,5
965,10
966,6
967,2
968,10
969,8
970,5
971,8
972,15
973,3
974,10
975,23
976,2
977,2
978,18
979,12
980,9
981,4
982,4
983,7
984,19
985,1
986,4
987,2
988,14
989,21
990,6
991,39
992,14
993,3
994,3
995,7
996,3
997,3
998,5
999,19
1000,4
1001,3
1002,8
1003,4
1004,13
1005,29
1006,9
1007,24
1008,2
1009,16
1010,24
1011,7
1012,12
1013,3
1014,40
1015,2
1016,3
1017,15
1018,10
1019,4
1020,38
1021,10
1022,10
1023,1
1024,20
1025,2
1026,1
1027,2
1028,4
1029,6
1030,1
1031,7
1032,1
1033,17
1034,4
1035,4
1036,18
1037,14
1038,7
1039,15
1040,4
1041,12
1042,3
1043,6
1044,9
1045,16
1046,17
1047,12
1048,5
1049,7
1050,3
1051,8
1052,13
1053,2
1054,7
1055,8
1056,13
1057,24
1058,4
1059,13
1060,23
1061,9
1062,18
1063,4
1064,4
1065,16
1066,24
1067,6
1068,7
1069,13
1070,17
1071,24
1072,5
1073,17
1074,17
1075,12
1076,8
1077,20
1078,15
1079,8
1080,10
1081,19
1082,14
1083,25
1084,6
1085,1
1086,18
1087,9
1088,4
1089,8
1090,7
1091,20
1092,1
1093,8
1094,13
1095,28
1096,1
1097,13
1098,1
1099,10
1100,13
1101,3
1102,4
1103,2
1104,1
1105,4
1106,9
1107,2
1108,6
1109,17
1110,8
1111,10
1112,22
1113,9
1114,4
1115,5
1116,22
1117,3
1118,1
1119,19
1120,10
1121,23
1122,2
1123,19
1124,14
1125,14
1126,6
1127,4
1128,10
1129,6
1130,14
1131,3
1132,11
1133,1
1134,6
1135,11
1136,3
1137,6
1138,4
1139,1
1140,15
1141,3
1142,24
1143,12
1144,13
1145,1
1146,7
1147,16
1148,10
1149,12
1150,15
1151,15
1152,7
1153,5
1154,1
1155,9
1156,8
1157,18
1158,6
1159,5
1160,4
1161,19
1162,11
1163,4
1164,30
1165,11
1166,7
1167,16
1168,6
1169,16
1170,5
1171,12
1172,3
1173,4
1174,5
1175,3
1176,11
1177,9
1178,11
1179,13
1180,19
1181,3
1182,16
1183,3
1184,29
1185,22
1186,10
1187,12
1188,1
1189,6
1190,16
1191,5
1192,11
1193,3
1194,1
1195,2
1196,17
1197,2
1198,5
1199,9
1200,11
1201,9
1202,4
1203,14
1204,29
1205,6
1206,5
1207,1
1208,1
1209,16
1210,10
1211,6
1212,8
1213,18
1214,5
1215,7
1216,2
1217,8
1218,10
1219,13
1220,13
1221,5
1222,4
1223,7
1224,8
1225,21
1226,19
1227,12
1228,10
1229,17
1230,14
1231,1
1232,14
1233,1
1234,13
1235,11
1236,21
1237,1
1238,7
1239,6
1240,10
1241,7
1242,5
1243,9
1244,5
1245,4
1246,7
1247,10
1248,1
1249,22
1250,8
1251,23
1252,14
1253,24
1254,10
1255,7
1256,1
1257,12
1258,1
1259,2
1260,5
1261,14
1262,6
1263,16
1264,2
1265,28
1266,10
1267,21
1268,12
1269,5
1270,28
1271,3
1272,5
1273,22
1274,6
1275,10
1276,10
1277,6
1278,9
1279,2
1280,4
1281,2
1282,3
1283,18
1284,15
1285,1
1286,6
1287,4
1288,1
1289,11
1290,1
1291,3
1292,24
1293,10
1294,15
1295,1
1296,3
1297,8
1298,25
1299,9
1300,18
1301,16
1302,9
1303,12
1304,1
1305,3
1306,10
1307,21
1308,5
1309,4
1310,21
1311,9
1312,9
1313,3
1314,1
1315,7
1316,5
1317,2
1318,11
1319,9
1320,16
1321,2
1322,8
1323,13
1324,23
1325,2
1326,8
1327,12
1328,3
1329,6
1330,23
1331,2
1332,5
1333,1
1334,7
1335,4
1336,9
1337,6
1338,12
1339,5
1340,1
1341,11
1342,13
1343,22
1344,11
1345,3
1346,18
1347,6
1348,12
1349,5
1350,3
1351,21
1352,16
1353,1
1354,13
1355,7
1356,1
1357,3
1358,8
1359,11
1360,15
1361,9
1362,12
1363,47
1364,10
1365,8
1366,5
1367,1
1368,4
1369,5
1370,18
1371,6
1372,21
1373,7
1374,6
1375,6
1376,15
1377,8
1378,2
1379,33
1380,3
1381,7
1382,3
1383,5
1384,7
1385,10
1386,3
1387,12
1388,42
1389,14
1390,2
1391,2
1392,7
1393,26
1394,11
1395,1
1396,4
1397,5
1398,2
1399,4
1400,3
1401,8
1402,1
1403,5
1404,8
1405,5
1406,13
1407,6
1408,12
1409,11
1410,3
1411,3
1412,2
1413,10
1414,9
1415,7
1416,7
1417,12
1418,7
1419,12
1420,15
1421,16
1422,10
1423,9
1424,10
1425,10
1426,5
1427,9
1428,6
1429,11
1430,22
1431,22
1432,15
1433,8
1434,5
1435,3
1436,12
1437,9
1438,15
1439,2
1440,2
1441,15
1442,22
1443,7
1444,13
1445,4
1446,12
1447,3
1448,1
1449,8
1450,10
1451,2
1452,19
1453,4
1454,2
1455,26
1456,13
1457,9
1458,16
1459,10
1460,3
1461,1
1462,2
1463,22
1464,14
1465,2
1466,4
1467,7
1468,19
1469,11
1470,14
1471,12
1472,4
1473,8
1474,4
1475,2
1476,17
1477,13
1478,1
1479,13
1480,10
1481,24
1482,26
1483,5
1484,35
1485,13
1486,27
1487,30
1488,2
1489,10
1490,5
1491,9
1492,5
1493,9
1494,8
1495,2
1496,28
1497,6
1498,13
1499,2
1500,5
1501,3
1502,2
1503,11
1504,13
1505,9
1506,4
1507,7
1508,4
1509,17
1510,18
1511,14
1512,1
1513,17
1514,10
1515,29
1516,5
1517,5
1518,6
1519,1
1520,10
1521,7
1522,1
1523,27
1524,16
1525,13
1526,2
1527,18
1528,3
1529,5
1530,14
1531,20
1532,4
1533,15
1534,5
1535,21
1536,16
1537,2
1538,5
1539,17
1540,16
1541,9
1542,7
1543,16
1544,12
1545,3
1546,2
1547,25
1548,2
1549,20
1550,13
1551,3
1552,5
1553,1
1554,3
1555,15
1556,3
1557,12
1558,20
1559,4
1560,10
1561,16
1562,14
1563,2
1564,13
1565,20
1566,25
1567,6
1568,8
1569,13
1570,14
1571,13
1572,10
1573,10
1574,18
1575,19
1576,4
1577,20
1578,6
1579,17
1580,16
1581,12
1582,1
1583,21
1584,9
1585,3
1586,14
1587,7
1588,5
1589,20
1590,16
1591,1
1592,11
1593,7
1594,5
1595,5
1596,1
1597,17
1598,14
1599,1
1600,19
1601,3
1602,3
1603,2
1604,12
1605,3
1606,15
1607,12
1608,5
1609,2
1610,8
1611,19
1612,10
1613,10
1614,9
1615,16
1616,21
1617,7
1618,8
1619,2
1620,3
1621,2
1622,6
1623,8
1624,6
1625,3
1626,5
1627,1
1628,10
1629,3
1630,13
1631,12
1632,7
1633,7
1634,3
1635,6
1636,8
1637,18
1638,3
1639,1
1640,4
1641,9
1642,6
1643,5
1644,15
1645,10
1646,3
1647,4
1648,4
1649,15
1650,15
1651,8
1652,14
1653,17
1654,7
1655,5
1656,16
1657,5
1658,5
1659,10
1660,6
1661,3
1662,1
1663,7
1664,10
1665,5
1666,2
1667,2
1668,12
1669,5
1670,14
1671,5
1672,3
1673,7
1674,3
1675,11
1676,10
1677,16
1678,1
1679,20
1680,21
1681,3
1682,23
1683,1
1684,13
1685,19
1686,17
1687,6
1688,1
1689,11
1690,15
1691,16
1692,8
1693,26
1694,7
1695,4
1696,2
1697,13
1698,12
1699,21
1700,1
1701,9
1702,1
1703,3
1704,4
1705,1
1706,2
1707,1
1708,9
1709,6
1710,12
1711,9
1712,10
1713,2
1714,18
1715,7
1716,3
1717,15
1718,2
1719,6
1720,3
1721,16
1722,3
1723,1
1724,11
1725,7
1726,1
1727,12
1728,8
1729,6
1730,30
1731,9
1732,11
1733,18
1734,8
1735,16
1736,24
1737,12
1738,6
1739,11
1740,8
1741,16
1742,19
1743,10
1744,19
1745,3
1746,8
1747,28
1748,6
1749,10
1750,2
1751,15
1752,12
1753,6
1754,14
1755,26
1756,1
1757,4
1758,7
1759,6
1760,29
1761,8
1762,25
1763,11
1764,2
1765,22
1766,4
1767,7
1768,1
1769,5
1770,1
1771,16
1772,6
1773,6
1774,11
1775,5
1776,6
1777,7
1778,27
1779,16
1780,4
1781,1
1782,3
1783,4
1784,10
1785,13
1786,7
1787,6
1788,17
1789,6
1790,2
1791,5
1792,7
1793,18
1794,11
1795,1
1796,2
1797,16
1798,26
1799,11
1800,11
1801,4
1802,8
1803,4
1804,1
1805,3
1806,2
1807,6
1808,2
1809,4
1810,2
1811,4
1812,3
1813,1
1814,10
1815,5
1816,3
1817,1
1818,11
1819,6
1820,7
1821,13
1822,13
1823,5
1824,13
1825,11
1826,9
1827,3
1828,17
1829,12
1830,1
1831,8
1832,4
1833,7
1834,5
1835,10
1836,14
1837,23
1838,24
1839,4
1840,13
1841,8
1842,2
1843,1
1844,9
1845,9
1846,12
1847,3
1848,14
1849,17
1850,10
1851,17
1852,1
1853,12
1854,7
1855,1
1856,17
1857,13
1858,22
1859,16
1860,7
1861,1
1862,4
1863,3
1864,1
1865,4
1866,9
1867,2
1868,5
1869,2
1870,4
1871,2
1872,8
1873,10
1874,27
1875,5
1876,5
1877,3
1878,11
1879,8
1880,7
1881,1
1882,2
1883,21
1884,7
1885,8
1886,14
1887,19
1888,14
1889,13
1890,1
1891,15
1892,2
1893,9
1894,10
1895,11
1896,6
1897,7
1898,6
1899,3
1900,4
1901,19
1902,12
1903,3
1904,17
1905,8
1906,21
1907,2
1908,2
1909,9
1910,9
1911,12
1912,14
1913,7
1914,6
1915,5
1916,4
1917,4
1918,6
1919,15
1920,16
1921,12
1922,16
1923,13
1924,17
1925,4
1926,3
1927,12
1928,6
1929,4
1930,8
1931,3
1932,7
1933,13
1934,7
1935,3
1936,16
1937,4
1938,5
1939,8
1940,5
1941,19
1942,11
1943,1
1944,14
1945,1
1946,4
1947,3
1948,1
1949,4
1950,7
1951,13
1952,9
1953,13
1954,22
1955,11
1956,14
1957,1
1958,8
1959,2
1960,1
1961,10
1962,1
1963,3
1964,5
1965,23
1966,17
1967,8
1968,7
1969,2
1970,15
1971,20
1972,3
1973,7
1974,26
1975,13
1976,16
1977,9
1978,4
1979,6
1980,16
1981,29
1982,31
1983,22
1984,7
1985,5
1986,11
1987,2
1988,17
1989,5
1990,9
1991,17
1992,1
1993,26
1994,11
1995,23
1996,4
1997,22
1998,1
1999,7
2000,18
2001,6
2002,11
2003,1
2004,1
2005,29
2006,10
2007,5
2008,1
2009,5
2010,5
2011,4
2012,8
2013,6
2014,6
2015,2
2016,4
2017,15
2018,15
2019,22
2020,12
2021,7
2022,26
2023,14
2024,9
2025,23
2026,24
2027,13
2028,14
2029,3
2030,32
2031,8
2032,12
2033,12
2034,18
2035,9
2036,14
2037,4
2038,40
2039,13
2040,3
2041,6
2042,30
2043,4
2044,11
2045,26
2046,7
2047,1
2048,16
2049,4
2050,26
2051,6
2052,26
2053,8
2054,5
2055,6
2056,14
2057,3
2058,9
2059,3
2060,10
2061,4
2062,9
2063,9
2064,20
2065,13
2066,13
2067,13
2068,23
2069,17
2070,1
2071,12
2072,2
2073,11
2074,18
2075,23
2076,18
2077,2
2078,23
2079,14
2080,14
2081,6
2082,5
2083,2
2084,33
2085,10
2086,2
2087,8
2088,3
2089,8
2090,10
2091,4
2092,23
2093,7
2094,13
2095,27
2096,6
2097,7
2098,11
2099,2
2100,1
2101,20
2102,30
2103,3
2104,21
2105,4
2106,11
2107,5
2108,7
2109,25
2110,2
2111,3
2112,1
2113,2
2114,7
2115,9
2116,6
2117,1
2118,3
2119,3
2120,1
2121,6
2122,10
2123,12
2124,3
2125,4
2126,2
2127,6
2128,10
2129,1
2130,11
2131,5
2132,15
2133,13
2134,9
2135,2
2136,17
2137,3
2138,13
2139,17
2140,7
2141,10
2142,4
2143,9
2144,1
2145,12
2146,9
2147,27
2148,16
2149,17
2150,6
2151,20
2152,1
2153,12
2154,23
2155,7
2156,1
2157,12
2158,17
2159,1
2160,5
2161,7
2162,4
2163,2
2164,3
2165,6
2166,5
2167,7
2168,13
2169,9
2170,2
2171,2
2172,18
2173,17
2174,12
2175,2
2176,4
2177,20
2178,3
2179,5
2180,4
2181,6
2182,3
2183,9
2184,2
2185,8
2186,2
2187,7
2188,26
2189,5
2190,16
2191,19
2192,11
2193,4
2194,17
2195,5
2196,13
2197,7
2198,7
2199,10
2200,8
2201,12
2202,7
2203,1
2204,10
2205,12
2206,8
2207,1
2208,18
2209,3
2210,13
2211,3
2212,13
2213,5
2214,10
2215,4
2216,1
2217,8
2218,6
2219,19
2220,6
2221,9
2222,5
2223,2
2224,14
2225,15
2226,11
2227,2
2228,2
2229,11
2230,7
2231,1
2232,30
2233,5
2234,6
2235,12
2236,20
2237,5
2238,20
2239,18
2240,7
2241,6
2242,24
2243,14
2244,6
2245,8
2246,20
2247,20
2248,6
2249,6
2250,13
2251,5
2252,3
2253,3
2254,16
2255,25
2256,17
2257,16
2258,7
2259,15
2260,18
2261,7
2262,9
2263,5
2264,5
2265,8
2266,16
2267,9
2268,8
2269,19
2270,6
2271,2
2272,7
2273,12
2274,1
2275,10
2276,21
2277,10
2278,9
2279,8
2280,19
2281,3
2282,33
2283,11
2284,4
2285,9
2286,6
2287,20
2288,21
2289,17
2290,3
2291,10
2292,9
2293,20
2294,4
2295,48
2296,1
2297,6
2298,4
2299,8
2300,18
2301,1
2302,6
2303,13
2304,1
2305,19
2306,17
2307,11
2308,13
2309,7
2310,5
2311,3
2312,9
2313,5
2314,16
2315,16
2316,17
2317,11
2318,1
2319,11
2320,9
2321,1
2322,8
2323,13
2324,24
2325,17
2326,7
2327,36
2328,1
2329,28
2330,3
2331,6
2332,15
2333,5
2334,6
2335,8
2336,26
2337,2
2338,1
2339,5
2340,6
2341,2
2342,13
2343,11
2344,2
2345,16
2346,8
2347,9
2348,9
2349,1
2350,4
2351,2
2352,7
2353,30
2354,18
2355,15
2356,5
2357,5
2358,6
2359,3
2360,10
2361,17
2362,2
2363,1
2364,5
2365,2
2366,12
2367,3
2368,2
2369,8
2370,2
2371,5
2372,7
2373,7
2374,21
2375,4
2376,17
2377,10
2378,27
2379,3
2380,10
2381,2
2382,6
2383,19
2384,24
2385,4
2386,9
2387,11
2388,11
2389,11
2390,4
2391,13
2392,4
2393,19
2394,5
2395,8
2396,13
2397,18
2398,17
2399,27
2400,1
2401,17
2402,5
2403,1
2404,1
2405,13
2406,7
2407,3
2408,8
2409,6
2410,16
2411,5
2412,8
2413,33
2414,3
2415,12
2416,10
2417,5
2418,19
2419,24
2420,16
2421,12
2422,5
2423,3
2424,6
2425,2
2426,20
2427,2
2428,3
2429,13
2430,4
2431,20
2432,19
2433,11
2434,3
2435,16
2436,14
2437,8
2438,2
2439,9
2440,9
2441,11
2442,3
2443,2
2444,2
2445,6
2446,5
2447,4
2448,4
2449,16
2450,15
2451,22
2452,33
2453,2
2454,6
2455,4
2456,14
2457,8
2458,1
2459,20
2460,8
2461,11
2462,12
2463,9
2464,2
2465,10
2466,23
2467,3
2468,1
2469,30
2470,19
2471,4
2472,13
2473,2
2474,8
2475,18
2476,21
2477,41
2478,6
2479,5
2480,6
2481,4
2482,7
2483,1
2484,11
2485,2
2486,2
2487,3
2488,14
2489,8
2490,1
2491,3
2492,17
2493,17
2494,11
2495,3
2496,10
2497,4
2498,6
2499,8
2500,6
2501,25
2502,16
2503,4
2504,4
2505,15
2506,6
2507,15
2508,13
2509,11
2510,3
2511,3
2512,13
2513,13
2514,17
2515,29
2516,12
2517,23
2518,11
2519,15
2520,21
2521,11
2522,7
2523,20
2524,1
2525,13
2526,4
2527,4
2528,32
2529,11
2530,6
2531,12
2532,7
2533,2
2534,1
2535,2
2536,1
2537,2
2538,8
2539,5
2540,14
2541,18
2542,13
2543,16
2544,5
2545,10
2546,16
2547,5
2548,3
2549,2
2550,12
2551,11
2552,2
2553,14
2554,6
2555,14
2556,29
2557,13
2558,3
2559,18
2560,8
2561,1
2562,2
2563,3
2564,4
2565,14
2566,17
2567,10
2568,23
2569,24
2570,26
2571,3
2572,9
2573,15
2574,9
2575,9
2576,10
2577,6
2578,9
2579,4
2580,7
2581,2
2582,1
2583,4
2584,3
2585,4
2586,3
2587,27
2588,12
2589,3
2590,19
2591,3
2592,27
2593,23
2594,3
2595,15
2596,10
2597,18
2598,8
2599,9
2600,4
2601,27
2602,14
2603,33
2604,20
2605,7
2606,21
2607,2
2608,15
2609,1
2610,8
2611,7
2612,2
2613,17
2614,2
2615,18
2616,3
2617,18
2618,16
2619,1
2620,10
2621,3
2622,5
2623,6
2624,8
2625,6
2626,6
2627,3
2628,15
2629,14
2630,6
2631,18
2632,6
2633,13
2634,17
2635,12
2636,16
2637,1
2638,3
2639,19
2640,18
2641,12
2642,8
2643,9
2644,1
2645,9
2646,21
2647,2
2648,8
2649,5
2650,2
2651,9
2652,2
2653,10
2654,13
2655,12
2656,8
2657,6
2658,19
2659,10
2660,7
2661,8
2662,2
2663,11
2664,2
2665,29
2666,6
2667,10
2668,8
2669,4
2670,21
2671,18
2672,20
2673,2
2674,21
2675,9
2676,9
2677,11
2678,6
2679,16
2680,7
2681,12
2682,9
2683,28
2684,12
2685,4
2686,8
2687,5
2688,12
2689,42
2690,3
2691,22
2692,6
2693,3
2694,2
2695,24
2696,4
2697,37
2698,10
2699,2
2700,3
2701,17
2702,6
2703,27
2704,13
2705,9
2706,5
2707,16
2708,1
2709,18
2710,10
2711,19
2712,17
2713,4
2714,22
2715,9
2716,3
2717,14
2718,5
2719,7
2720,7
2721,13
2722,3
2723,7
2724,18
2725,16
2726,22
2727,17
2728,6
2729,17
2730,3
2731,11
2732,18
2733,12
2734,3
2735,1
2736,1
2737,4
2738,23
2739,1
2740,14
2741,4
2742,9
2743,1
2744,13
2745,13
2746,9
2747,2
2748,26
2749,9
2750,11
2751,31
2752,12
2753,8
2754,9
2755,6
2756,6
2757,7
2758,3
2759,7
2760,3
2761,13
2762,20
2763,6
2764,9
2765,5
2766,1
2767,8
2768,14
2769,14
2770,1
2771,1
2772,19
2773,9
2774,3
2775,14
2776,11
2777,13
2778,6
2779,8
2780,3
2781,14
2782,18
2783,12
2784,1
2785,12
2786,18
2787,27
2788,35
2789,3
2790,35
2791,1
2792,12
2793,2
2794,11
2795,12
2796,13
2797,15
2798,3
2799,4
2800,5
2801,11
2802,7
2803,1
2804,8
2805,19
2806,2
2807,10
2808,9
2809,20
2810,19
2811,4
2812,14
2813,11
2814,13
2815,2
2816,15
2817,1
2818,12
2819,4
2820,7
2821,7
2822,16
2823,11
2824,10
2825,6
2826,7
2827,27
2828,4
2829,10
2830,10
2831,29
2832,2
2833,2
2834,1
2835,25
2836,11
2837,4
2838,10
2839,8
2840,19
2841,5
2842,2
2843,19
2844,18
2845,28
2846,24
2847,10
2848,22
2849,1
2850,2
2851,2
2852,5
2853,14
2854,4
2855,2
2856,14
2857,1
2858,1
2859,1
2860,10
2861,3
2862,4
2863,2
2864,43
2865,5
2866,4
2867,10
2868,11
2869,26
2870,4
2871,24
2872,12
2873,25
2874,6
2875,4
2876,10
2877,1
2878,5
2879,3
2880,20
2881,11
2882,17
2883,15
2884,8
2885,1
2886,17
2887,6
2888,27
2889,7
2890,14
2891,6
2892,14
2893,2
2894,24
2895,7
2896,19
2897,3
2898,10
2899,13
2900,16
2901,14
2902,18
2903,11
2904,20
2905,10
2906,7
2907,1
2908,29
2909,21
2910,1
2911,16
2912,1
2913,22
2914,3
2915,22
2916,17
2917,9
2918,8
2919,7
2920,5
2921,13
2922,5
2923,19
2924,8
2925,7
2926,13
2927,7
2928,9
2929,8
2930,10
2931,5
2932,2
2933,2
2934,8
2935,9
2936,1
2937,22
2938,9
2939,6
2940,29
2941,9
2942,14
2943,11
2944,12
2945,3
2946,14
2947,28
2948,16
2949,8
2950,20
2951,16
2952,23
2953,7
2954,9
2955,7
2956,13
2957,2
2958,11
2959,2
2960,8
2961,20
2962,1
2963,19
2964,6
2965,16
2966,7
2967,25
2968,26
2969,33
2970,10
2971,2
2972,9
2973,26
2974,6
2975,1
2976,18
2977,2
2978,5
2979,2
2980,10
2981,11
2982,1
2983,20
2984,7
2985,26
2986,11
2987,22
2988,8
2989,33
2990,15
2991,9
2992,17
2993,6
2994,18
2995,19
2996,7
2997,7
2998,31
2999,2
3000,23
3001,12
3002,11
3003,3
3004,20
3005,16
3006,2
3007,10
3008,5
3009,6
3010,24
3011,13
3012,10
3013,23
3014,12
3015,28
3016,9
3017,17
3018,4
3019,18
3020,15
3021,21
3022,15
3023,6
3024,5
3025,9
3026,29
3027,37
3028,11
3029,21
3030,5
3031,4
3032,27
3033,4
3034,6
3035,1
3036,9
3037,20
3038,7
3039,1
3040,1
3041,7
3042,22
3043,23
3044,4
3045,11
3046,17
3047,11
3048,15
3049,21
3050,9
3051,9
3052,5
3053,6
3054,22
3055,1
3056,4
3057,24
3058,12
3059,8
3060,22
3061,9
3062,12
3063,32
3064,11
3065,23
3066,28
3067,1
3068,5
3069,3
3070,12
3071,9
3072,5
3073,8
3074,11
3075,6
3076,3
3077,7
3078,1
3079,1
3080,14
3081,2
3082,13
3083,23
3084,12
3085,9
3086,13
3087,32
3088,15
3089,2
3090,17
3091,6
3092,22
3093,1
3094,3
3095,1
3096,2
3097,11
3098,4
3099,3
3100,8
3101,24
3102,4
3103,26
3104,20
3105,1
3106,3
3107,7
3108,7
3109,7
3110,13
3111,1
3112,17
3113,9
3114,10
3115,19
3116,15
3117,3
3118,4
3119,5
3120,10
3121,8
3122,14
3123,9
3124,11
3125,7
3126,4
3127,2
3128,9
3129,18
3130,9
3131,4
3132,8
3133,5
3134,23
3135,10
3136,13
3137,4
3138,18
3139,1
3140,1
3141,2
3142,10
3143,15
3144,12
3145,1
3146,12
3147,14
3148,3
3149,26
3150,12
3151,8
3152,18
3153,10
3154,16
3155,7
3156,5
3157,2
3158,15
3159,15
3160,15
3161,9
3162,14
3163,26
3164,24
3165,3
3166,1
3167,12
3168,11
3169,14
3170,31
3171,23
3172,5
3173,3
3174,8
3175,22
3176,8
3177,6
3178,23
3179,5
3180,4
3181,11
3182,5
3183,10
3184,3
3185,11
3186,4
3187,4
3188,2
3189,9
3190,24
3191,2
3192,12
3193,12
3194,1
3195,6
3196,17
3197,3
3198,24
3199,8
3200,9
3201,18
3202,11
3203,4
3204,3
3205,2
3206,10
3207,3
3208,3
3209,14
3210,5
3211,7
3212,9
3213,7
3214,15
3215,6
3216,27
3217,5
3218,17
3219,12
3220,14
3221,1
3222,1
3223,5
3224,18
3225,9
3226,21
3227,8
3228,13
3229,4
3230,11
3231,23
3232,31
3233,20
3234,15
3235,3
3236,16
3237,22
3238,1
3239,17
3240,24
3241,5
3242,3
3243,2
3244,9
3245,49
3246,21
3247,19
3248,9
3249,4
3250,2
3251,7
3252,11
3253,32
3254,5
3255,7
3256,10
3257,8
3258,1
3259,19
3260,3
3261,17
3262,9
3263,33
3264,12
3265,23
3266,20
3267,5
3268,6
3269,11
3270,6
3271,9
3272,26
3273,3
3274,12
3275,7
3276,1
3277,11
3278,3
3279,10
3280,20
3281,6
3282,7
3283,30
3284,25
3285,12
3286,9
3287,8
3288,2
3289,17
3290,16
3291,8
3292,2
3293,8
3294,4
3295,8
3296,16
3297,14
3298,7
3299,8
3300,6
3301,1
3302,4
3303,15
3304,11
3305,24
3306,30
3307,11
3308,9
3309,18
3310,3
3311,9
3312,3
3313,12
3314,5
3315,1
3316,1
3317,16
3318,10
3319,5
3320,9
3321,11
3322,17
3323,6
3324,14
3325,7
3326,34
3327,6
3328,17
3329,3
3330,22
3331,2
3332,8
3333,8
3334,15
3335,16
3336,11
3337,8
3338,16
3339,17
3340,20
3341,23
3342,2
3343,2
3344,3
3345,29
3346,5
3347,4
3348,8
3349,1
3350,10
3351,8
3352,20
3353,1
3354,5
3355,9
3356,3
3357,1
3358,5
3359,15
3360,5
3361,9
3362,5
3363,1
3364,18
3365,2
3366,13
3367,1
3368,35
3369,22
3370,8
3371,1
3372,1
3373,26
3374,14
3375,5
3376,9
3377,1
3378,8
3379,6
3380,9
3381,17
3382,7
3383,16
3384,3
3385,18
3386,5
3387,11
3388,17
3389,22
3390,13
3391,19
3392,7
3393,6
3394,24
3395,9
3396,12
3397,16
3398,3
3399,1
3400,12
3401,20
3402,1
3403,11
3404,9
3405,6
3406,3
3407,17
3408,2
3409,11
3410,2
3411,9
3412,12
3413,8
3414,5
3415,11
3416,8
3417,2
3418,7
3419,6
3420,2
3421,6
3422,29
3423,4
3424,8
3425,1
3426,21
3427,7
3428,4
3429,9
3430,5
3431,6
3432,16
3433,10
3434,4
3435,23
3436,2
3437,9
3438,4
3439,23
3440,8
3441,5
3442,16
3443,1
3444,6
3445,7
3446,5
3447,7
3448,17
3449,12
3450,24
3451,12
3452,12
3453,7
3454,31
3455,2
3456,9
3457,4
3458,1
3459,5
3460,18
3461,11
3462,8
3463,7
3464,15
3465,10
3466,10
3467,22
3468,23
3469,2
3470,5
3471,8
3472,4
3473,9
3474,8
3475,6
3476,12
3477,8
3478,8
3479,2
3480,20
3481,2
3482,12
3483,13
3484,3
3485,1
3486,6
3487,10
3488,1
3489,7
3490,27
3491,10
3492,3
3493,1
3494,4
3495,29
3496,13
3497,3
3498,3
3499,3
3500,11
3501,4
3502,5
3503,8
3504,19
3505,9
3506,13
3507,7
3508,12
3509,3
3510,12
3511,11
3512,7
3513,10
3514,3
3515,2
3516,2
3517,8
3518,26
3519,11
3520,6
3521,6
3522,1
3523,8
3524,8
3525,12
3526,1
3527,9
3528,2
3529,18
3530,3
3531,4
3532,2
3533,7
3534,10
3535,3
3536,1
3537,6
3538,5
3539,1
3540,11
3541,20
3542,16
3543,1
3544,9
3545,15
3546,3
3547,6
3548,17
3549,2
3550,15
3551,4
3552,14
3553,6
3554,9
3555,9
3556,13
3557,7
3558,22
3559,3
3560,10
3561,7
3562,4
3563,17
3564,3
3565,2
3566,6
3567,4
3568,2
3569,5
3570,15
3571,3
3572,11
3573,5
3574,9
3575,5
3576,8
3577,8
3578,2
3579,8
3580,11
3581,1
3582,6
3583,4
3584,14
3585,9
3586,7
3587,10
3588,10
3589,1
3590,10
3591,14
3592,8
3593,1
3594,29
3595,12
3596,6
3597,4
3598,7
3599,6
3600,4
3601,8
3602,4
3603,22
3604,6
3605,15
3606,8
3607,4
3608,11
3609,11
3610,8
3611,8
3612,1
3613,1
3614,11
3615,14
3616,1
3617,14
3618,15
3619,16
3620,8
3621,3
3622,9
3623,3
3624,17
3625,1
3626,14
3627,4
3628,3
3629,15
3630,1
3631,2
3632,13
3633,1
3634,13
3635,7
3636,1
3637,1
3638,2
3639,25
3640,7
3641,7
3642,6
3643,11
3644,19
3645,12
3646,5
3647,11
3648,8
3649,12
3650,1
3651,5
3652,6
3653,3
3654,8
3655,5
3656,5
3657,5
3658,21
3659,19
3660,10
3661,12
3662,12
3663,4
3664,11
3665,16
3666,8
3667,3
3668,2
3669,1
3670,14
3671,23
3672,2
3673,14
3674,1
3675,12
3676,7
3677,2
3678,1
3679,13
3680,1
3681,1
3682,5
3683,7
3684,3
3685,1
3686,4
3687,3
3688,3
3689,2
3690,3
3691,6
3692,15
3693,6
3694,10
3695,7
3696,2
3697,3
3698,3
3699,19
3700,8
3701,15
3702,13
3703,12
3704,14
3705,6
3706,6
3707,3
3708,9
3709,13
3710,14
3711,14
3712,11
3713,17
3714,7
3715,19
3716,19
3717,20
3718,4
3719,15
3720,7
3721,9
3722,3
3723,4
3724,8
3725,19
3726,2
3727,4
3728,8
3729,11
3730,1
3731,1
3732,4
3733,3
3734,8
3735,1
3736,8
3737,3
3738,15
3739,1
3740,14
3741,16
3742,3
3743,10
3744,11
3745,3
3746,7
3747,3
3748,27
3749,1
3750,2
3751,12
3752,12
3753,6
3754,6
3755,1
3756,13
3757,7
3758,25
3759,10
3760,7
3761,5
3762,9
3763,1
3764,7
3765,8
3766,10
3767,27
3768,23
3769,5
3770,6
3771,1
3772,11
3773,8
3774,7
3775,1
3776,4
3777,22
3778,11
3779,17
3780,2
3781,2
3782,17
3783,1
3784,4
3785,10
3786,6
3787,5
3788,3
3789,6
3790,2
3791,8
3792,18
3793,1
3794,9
3795,10
3796,3
3797,1
3798,13
3799,2
3800,6
3801,25
3802,13
3803,1
3804,5
3805,8
3806,6
3807,5
3808,9
3809,27
3810,8
3811,4
3812,12
3813,2
3814,3
3815,8
3816,3
3817,15
3818,18
3819,5
3820,10
3821,24
3822,2
3823,16
3824,9
3825,14
3826,3
3827,9
3828,12
3829,8
3830,2
3831,22
3832,4
3833,20
3834,7
3835,25
3836,12
3837,7
3838,37
3839,4
3840,18
3841,3
3842,6
3843,1
3844,3
3845,6
3846,1
3847,17
3848,9
3849,1
3850,3
3851,8
3852,6
3853,1
3854,23
3855,5
3856,1
3857,9
3858,8
3859,19
3860,2
3861,3
3862,8
3863,5
3864,5
3865,4
3866,6
3867,15
3868,9
3869,7
3870,10
3871,14
3872,6
3873,1
3874,9
3875,4
3876,17
3877,3
3878,9
3879,12
3880,3
3881,1
3882,12
3883,4
3884,20
3885,8
3886,9
3887,7
3888,3
3889,3
3890,1
3891,3
3892,2
3893,4
3894,1
3895,19
3896,10
3897,5
3898,1
3899,1
3900,1
3901,7
3902,1
3903,19
3904,1
3905,20
3906,13
3907,10
3908,13
3909,1
3910,3
3911,12
3912,7
3913,8
3914,15
3915,1
3916,8
3917,3
3918,11
3919,7
3920,7
3921,13
3922,7
3923,1
3924,14
3925,12
3926,12
3927,2
3928,5
3929,3
3930,5
3931,7
3932,4
3933,25
3934,19
3935,12
3936,7
3937,17
3938,10
3939,11
3940,3
3941,9
3942,15
3943,2
3944,8
3945,22
3946,14
3947,10
3948,3
3949,7
3950,2
3951,17
3952,2
3953,9
3954,26
3955,7
3956,11
3957,2
3958,6
3959,24
3960,6
3961,16
3962,8
3963,1
3964,4
3965,7
3966,2
3967,1
3968,14
3969,11
3970,10
3971,26
3972,7
3973,2
3974,8
3975,8
3976,8
3977,6
3978,2
3979,2
3980,14
3981,3
3982,13
3983,2
3984,16
3985,17
3986,6
3987,11
3988,9
3989,2
3990,9
3991,12
3992,17
3993,2
3994,7
3995,6
3996,6
3997,7
3998,5
3999,4
4000,21
4001,1
4002,8
4003,10
4004,1
4005,26
4006,20
4007,10
4008,24
4009,16
4010,28
4011,8
4012,7
4013,4
4014,6
4015,15
4016,8
4017,27
4018,5
4019,27
4020,8
4021,5
4022,24
4023,5
4024,11
4025,14
4026,6
4027,5
4028,5
4029,5
4030,4
4031,9
4032,9
4033,17
4034,1
4035,1
4036,17
4037,15
4038,5
4039,2
4040,18
4041,20
4042,7
4043,10
4044,12
4045,9
4046,10
4047,3
4048,1
4049,10
4050,13
4051,10
4052,8
4053,5
4054,13
4055,14
4056,5
4057,4
4058,6
4059,10
4060,6
4061,4
4062,5
4063,1
4064,7
4065,1
4066,4
4067,8
4068,6
4069,18
4070,1
4071,2
4072,12
4073,24
4074,8
4075,1
4076,4
4077,11
4078,18
4079,15
4080,11
4081,9
4082,18
4083,7
4084,18
4085,8
4086,8
4087,8
4088,3
4089,11
4090,10
4091,14
4092,4
4093,10
4094,19
4095,2
4096,4
4097,9
4098,7
4099,3
4100,9
4101,3
4102,8
4103,7
4104,8
4105,3
4106,7
4107,2
4108,11
4109,9
4110,11
4111,8
4112,17
4113,9
4114,1
4115,2
4116,8
4117,8
4118,8
4119,4
4120,4
4121,2
4122,6
4123,6
4124,16
4125,10
4126,1
4127,5
4128,14
4129,11
4130,5
4131,3
4132,4
4133,16
4134,4
4135,5
4136,7
4137,12
4138,12
4139,1
4140,7
4141,14
4142,6
4143,10
4144,1
4145,4
4146,2
4147,9
4148,8
4149,16
4150,8
4151,5
4152,7
4153,4
4154,13
4155,17
4156,14
4157,12
4158,4
4159,1
4160,11
4161,15
4162,5
4163,5
4164,11
4165,14
4166,1
4167,5
4168,6
4169,6
4170,1
4171,7
4172,7
4173,2
4174,19
4175,12
4176,21
4177,3
4178,2
4179,10
4180,12
4181,22
4182,19
4183,1
4184,3
4185,14
4186,6
4187,13
4188,4
4189,4
4190,6
4191,21
4192,13
4193,8
4194,7
4195,1
4196,16
4197,5
4198,8
4199,4
4200,6
4201,9
4202,11
4203,6
4204,20
4205,27
4206,20
4207,16
4208,1
4209,11
4210,11
4211,15
4212,14
4213,3
4214,12
4215,3
4216,7
4217,9
4218,4
4219,24
4220,8
4221,6
4222,4
4223,6
4224,21
4225,4
4226,3
4227,8
4228,4
4229,1
4230,19
4231,1
4232,10
4233,14
4234,20
4235,24
4236,15
4237,9
4238,5
4239,4
4240,8
4241,2
4242,6
4243,30
4244,1
4245,5
4246,11
4247,21
4248,4
4249,17
4250,2
4251,7
4252,8
4253,19
4254,10
4255,9
4256,1
4257,6
4258,4
4259,11
4260,12
4261,2
4262,13
4263,7
4264,7
4265,17
4266,10
4267,17
4268,14
4269,3
4270,11
4271,7
4272,17
4273,23
4274,8
4275,4
4276,6
4277,17
4278,3
4279,11
4280,7
4281,5
4282,2
4283,8
4284,10
4285,9
4286,14
4287,1
4288,14
4289,6
4290,12
4291,1
4292,2
4293,2
4294,17
4295,10
4296,9
4297,7
4298,1
4299,9
4300,12
4301,8
4302,9
4303,2
4304,16
4305,3
4306,4
4307,6
4308,2
4309,1
4310,6
4311,6
4312,2
4313,6
4314,8
4315,3
4316,13
4317,3
4318,9
4319,12
4320,3
4321,1
4322,11
4323,5
4324,12
4325,1
4326,18
4327,6
4328,9
4329,6
4330,18
4331,1
4332,16
4333,6
4334,1
4335,13
4336,4
4337,2
4338,10
4339,8
4340,1
4341,3
4342,8
4343,7
4344,1
4345,11
4346,7
4347,3
4348,9
4349,21
4350,7
4351,3
4352,9
4353,5
4354,1
4355,7
4356,2
4357,8
4358,26
4359,15
4360,11
4361,10
4362,4
4363,12
4364,10
4365,15
4366,8
4367,14
4368,1
4369,4
4370,18
4371,5
4372,6
4373,18
4374,2
4375,5
4376,19
4377,12
4378,3
4379,11
4380,8
4381,19
4382,7
4383,7
4384,12
4385,8
4386,3
4387,8
4388,11
4389,10
4390,2
4391,4
4392,9
4393,19
4394,9
4395,14
4396,2
4397,10
4398,17
4399,19
4400,14
4401,7
4402,8
4403,14
4404,2
4405,3
4406,6
4407,4
4408,2
4409,1
4410,5
4411,7
4412,1
4413,10
4414,1
4415,11
4416,1
4417,3
4418,1
4419,6
4420,5
4421,12
4422,6
4423,9
4424,1
4425,11
4426,6
4427,10
4428,8
4429,16
4430,4
4431,3
4432,20
4433,11
4434,1
4435,18
4436,12
4437,14
4438,12
4439,3
4440,38
4441,6
4442,1
4443,11
4444,22
4445,9
4446,13
4447,5
4448,3
4449,14
4450,7
4451,6
4452,4
4453,2
4454,19
4455,14
4456,3
4457,20
4458,4
4459,11
4460,9
4461,4
4462,2
4463,20
4464,13
4465,2
4466,26
4467,5
4468,24
4469,17
4470,7
4471,3
4472,9
4473,13
4474,22
4475,21
4476,7
4477,18
4478,6
4479,29
4480,29
4481,13
4482,7
4483,19
4484,14
4485,2
4486,18
4487,1
4488,11
4489,4
4490,13
4491,3
4492,15
4493,29
4494,9
4495,9
4496,6
4497,1
4498,8
4499,3
4500,5
4501,3
4502,5
4503,20
4504,16
4505,17
4506,12
4507,10
4508,30
4509,28
4510,7
4511,2
4512,2
4513,4
4514,1
4515,8
4516,7
4517,3
4518,5
4519,25
4520,13
4521,3
4522,6
4523,3
4524,3
4525,1
4526,11
4527,1
4528,15
4529,1
4530,9
4531,16
4532,9
4533,5
4534,1
4535,5
4536,27
4537,2
4538,14
4539,18
4540,6
4541,2
4542,15
4543,12
4544,15
4545,2
4546,23
4547,7
4548,2
4549,19
4550,6
4551,9
4552,1
4553,18
4554,6
4555,2
4556,21
4557,1
4558,5
4559,5
4560,3
4561,3
4562,11
4563,1
4564,18
4565,3
4566,9
4567,27
4568,29
4569,5
4570,14
4571,6
4572,1
4573,18
4574,10
4575,2
4576,5
4577,17
4578,8
4579,16
4580,6
4581,10
4582,16
4583,8
4584,10
4585,6
4586,18
4587,5
4588,9
4589,7
4590,5
4591,5
4592,3
4593,19
4594,3
4595,10
4596,5
4597,13
4598,2
4599,3
4600,13
4601,4
4602,7
4603,13
4604,6
4605,5
4606,4
4607,9
4608,10
4609,22
4610,2
4611,12
4612,8
4613,3
4614,4
4615,10
4616,7
4617,4
4618,10
4619,7
4620,7
4621,15
4622,5
4623,1
4624,16
4625,7
4626,21
4627,9
4628,7
4629,13
4630,10
4631,2
4632,10
4633,12
4634,25
4635,7
4636,9
4637,16
4638,2
4639,17
4640,8
4641,2
4642,1
4643,1
4644,14
4645,17
4646,9
4647,12
4648,17
4649,34
4650,25
4651,7
4652,18
4653,4
4654,17
4655,24
4656,4
4657,3
4658,1
4659,8
4660,17
4661,6
4662,2
4663,27
4664,2
4665,11
4666,2
4667,5
4668,4
4669,5
4670,4
4671,7
4672,6
4673,4
4674,12
4675,23
4676,18
4677,34
4678,5
4679,10
4680,6
4681,5
4682,11
4683,19
4684,8
4685,6
4686,12
4687,6
4688,12
4689,13
4690,9
4691,7
4692,4
4693,6
4694,22
4695,2
4696,13
4697,10
4698,4
4699,23
4700,27
4701,17
4702,2
4703,5
4704,1
4705,1
4706,24
4707,13
4708,2
4709,11
4710,7
4711,22
4712,25
4713,9
4714,28
4715,22
4716,27
4717,14
4718,2
4719,27
4720,13
4721,1
4722,24
4723,2
4724,10
4725,22
4726,4
4727,10
4728,5
4729,27
4730,33
4731,4
4732,8
4733,5
4734,22
4735,14
4736,14
4737,9
4738,29
4739,4
4740,9
4741,12
4742,9
4743,4
4744,13
4745,2
4746,11
4747,8
4748,8
4749,9
4750,5
4751,21
4752,16
4753,9
4754,5
4755,15
4756,14
4757,12
4758,8
4759,3
4760,8
4761,15
4762,14
4763,16
4764,1
4765,12
4766,17
4767,20
4768,7
4769,16
4770,40
4771,1
4772,17
4773,18
4774,3
4775,4
4776,14
4777,13
4778,5
4779,8
4780,5
4781,18
4782,11
4783,1
4784,5
4785,27
4786,2
4787,4
4788,10
4789,7
4790,18
4791,18
4792,17
4793,3
4794,10
4795,12
4796,7
4797,12
4798,12
4799,10
4800,5
4801,8
4802,22
4803,8
4804,36
4805,1
4806,1
4807,16
4808,8
4809,17
4810,8
4811,12
4812,1
4813,9
4814,6
4815,6
4816,15
4817,14
4818,9
4819,12
4820,1
4821,14
4822,13
4823,3
4824,2
4825,18
4826,7
4827,11
4828,55
4829,7
4830,10
4831,2
4832,1
4833,7
4834,12
4835,2
4836,3
4837,3
4838,1
4839,5
4840,4
4841,13
4842,1
4843,6
4844,28
4845,9
4846,3
4847,13
4848,5
4849,18
4850,4
4851,1
4852,7
4853,29
4854,15
4855,4
4856,2
4857,11
4858,19
4859,2
4860,9
4861,15
4862,10
4863,12
4864,7
4865,9
4866,8
4867,2
4868,13
4869,10
4870,10
4871,5
4872,30
4873,14
4874,5
4875,2
4876,8
4877,5
4878,1
4879,12
4880,7
4881,3
4882,1
4883,9
4884,17
4885,1
4886,12
4887,8
4888,25
4889,3
4890,4
4891,9
4892,2
4893,14
4894,28
4895,19
4896,6
4897,11
4898,8
4899,3
4900,3
4901,13
4902,12
4903,2
4904,16
4905,2
4906,3
4907,13
4908,10
4909,4
4910,16
4911,15
4912,13
4913,6
4914,3
4915,5
4916,9
4917,7
4918,12
4919,1
4920,4
4921,6
4922,6
4923,24
4924,12
4925,11
4926,17
4927,20
4928,1
4929,9
4930,13
4931,1
4932,5
4933,5
4934,8
4935,8
4936,2
4937,9
4938,12
4939,11
4940,2
4941,2
4942,11
4943,10
4944,21
4945,4
4946,2
4947,19
4948,10
4949,22
4950,15
4951,5
4952,29
4953,10
4954,2
4955,9
4956,1
4957,3
4958,13
4959,3
4960,1
4961,10
4962,3
4963,14
4964,7
4965,9
4966,2
4967,2
4968,6
4969,15
4970,8
4971,7
4972,10
4973,2
4974,21
4975,15
4976,18
4977,8
4978,12
4979,8
4980,19
4981,10
4982,14
4983,8
4984,10
4985,9
4986,8
4987,13
4988,7
4989,10
4990,2
4991,6
4992,10
4993,5
4994,4
4995,2
4996,1
4997,9
4998,29
4999,1
5000,10
5001,8
5002,6
5003,15
5004,9
5005,6
5006,3
5007,7
5008,7
5009,2
5010,9
5011,4
5012,10
5013,1
5014,4
5015,5
5016,3
5017,12
5018,4
5019,1
5020,10
5021,4
5022,3
5023,2
5024,1
5025,6
5026,17
5027,9
5028,10
5029,7
5030,17
5031,15
5032,3
5033,1
5034,10
5035,12
5036,11
5037,5
5038,11
5039,2
5040,9
5041,3
5042,16
5043,3
5044,3
5045,11
5046,16
5047,3
5048,3
5049,17
5050,7
5051,20
5052,4
5053,5
5054,10
5055,13
5056,1
5057,5
5058,1
5059,2
5060,4
5061,9
5062,1
5063,3
5064,2
5065,6
5066,5
5067,9
5068,1
5069,11
5070,5
5071,16
5072,20
5073,4
5074,12
5075,6
5076,13
5077,17
5078,20
5079,10
5080,6
5081,1
5082,2
5083,6
5084,12
5085,11
5086,2
5087,6
5088,4
5089,2
5090,5
5091,6
5092,6
5093,2
5094,4
5095,2
5096,8
5097,3
5098,1
5099,5
5100,2
5101,1
5102,9
5103,6
5104,2
5105,7
5106,5
5107,3
5108,10
5109,5
5110,18
5111,5
5112,2
5113,4
5114,18
5115,4
5116,5
5117,7
5118,5
5119,3
5120,8
5121,2
5122,4
5123,9
5124,20
5125,2
5126,8
5127,17
5128,10
5129,5
5130,1
5131,9
5132,4
5133,9
5134,14
5135,9
5136,5
5137,36
5138,2
5139,12
5140,8
5141,9
5142,1
5143,5
5144,6
5145,10
5146,21
5147,3
5148,1
5149,14
5150,2
5151,21
5152,22
5153,5
5154,2
5155,4
5156,3
5157,12
5158,6
5159,4
5160,5
5161,1
5162,1
5163,5
5164,1
5165,4
5166,3
5167,1
5168,1
5169,8
5170,8
5171,7
5172,10
5173,18
5174,17
5175,7
5176,21
5177,2
5178,19
5179,7
5180,26
5181,6
5182,1
5183,5
5184,13
5185,18
5186,11
5187,6
5188,11
5189,13
5190,1
5191,10
5192,3
5193,12
5194,6
5195,3
5196,7
5197,17
5198,5
5199,3
5200,6
5201,1
5202,2
5203,8
5204,7
5205,24
5206,4
5207,15
5208,10
5209,4
5210,11
5211,11
5212,8
5213,22
5214,24
5215,6
5216,3
5217,7
5218,10
5219,11
5220,13
5221,1
5222,6
5223,1
5224,11
5225,7
5226,1
5227,28
5228,21
5229,6
5230,2
5231,2
5232,8
5233,15
5234,1
5235,9
5236,14
5237,1
5238,7
5239,1
5240,7
5241,1
5242,14
5243,9
5244,9
5245,4
5246,14
5247,4
5248,7
5249,15
5250,13
5251,9
5252,13
5253,4
5254,23
5255,6
5256,17
5257,19
5258,6
5259,9
5260,7
5261,5
5262,21
5263,10
5264,10
5265,2
5266,1
5267,14
5268,5
5269,1
5270,14
5271,6
5272,3
5273,19
5274,12
5275,16
5276,35
5277,1
5278,4
5279,3
5280,12
5281,4
5282,16
5283,2
5284,1
5285,11
5286,2
5287,8
5288,8
5289,11
5290,7
5291,6
5292,3
5293,14
5294,20
5295,11
5296,13
5297,15
5298,3
5299,3
5300,8
5301,4
5302,7
5303,8
5304,16
5305,12
5306,12
5307,7
5308,3
5309,15
5310,13
5311,22
5312,2
5313,14
5314,11
5315,4
5316,25
5317,7
5318,2
5319,6
5320,1
5321,8
5322,8
5323,30
5324,1
5325,5
5326,9
5327,3
5328,10
5329,13
5330,1
5331,2
5332,3
5333,6
5334,12
5335,4
5336,14
5337,8
5338,5
5339,4
5340,4
5341,1
5342,3
5343,16
5344,4
5345,24
5346,12
5347,10
5348,9
5349,14
5350,30
5351,16
5352,4
5353,6
5354,11
5355,1
5356,16
5357,13
5358,2
5359,4
5360,1
5361,8
5362,19
5363,6
5364,9
5365,2
5366,17
5367,13
5368,9
5369,2
5370,10
5371,7
5372,15
5373,8
5374,1
5375,7
5376,4
5377,10
5378,3
5379,3
5380,5
5381,13
5382,8
5383,15
5384,6
5385,8
5386,20
5387,31
5388,6
5389,2
5390,1
5391,1
5392,13
5393,12
5394,8
5395,10
5396,5
5397,3
5398,7
5399,8
5400,1
5401,2
5402,8
5403,6
5404,10
5405,17
5406,9
5407,10
5408,5
5409,10
5410,16
5411,11
5412,7
5413,1
5414,1
5415,8
5416,6
5417,6
5418,15
5419,18
5420,7
5421,15
5422,25
5423,1
5424,17
5425,22
5426,15
5427,12
5428,9
5429,8
5430,14
5431,5
5432,10
5433,1
5434,5
5435,10
5436,21
5437,8
5438,7
5439,3
5440,20
5441,2
5442,3
5443,8
5444,3
5445,11
5446,21
5447,18
5448,27
5449,2
5450,7
5451,2
5452,2
5453,13
5454,7
5455,3
5456,29
5457,3
5458,2
5459,5
5460,12
5461,4
5462,18
5463,7
5464,12
5465,4
5466,7
5467,5
5468,6
5469,13
5470,26
5471,17
5472,12
5473,8
5474,8
5475,16
5476,13
5477,10
5478,1
5479,6
5480,9
5481,8
5482,6
5483,25
5484,4
5485,18
5486,12
5487,29
5488,19
5489,5
5490,10
5491,2
5492,2
5493,4
5494,10
5495,6
5496,14
5497,7
5498,9
5499,4
5500,15
5501,3
5502,3
5503,25
5504,17
5505,15
5506,6
5507,7
5508,3
5509,5
5510,8
5511,15
5512,11
5513,15
5514,7
5515,9
5516,4
5517,1
5518,19
5519,4
5520,6
5521,12
5522,11
5523,5
5524,6
5525,13
5526,4
5527,8
5528,1
5529,1
5530,10
5531,2
5532,2
5533,5
5534,1
5535,13
5536,12
5537,15
5538,14
5539,1
5540,7
5541,18
5542,1
5543,11
5544,2
5545,1
5546,3
5547,7
5548,3
5549,9
5550,20
5551,5
5552,11
5553,5
5554,2
5555,16
5556,1
5557,20
5558,12
5559,4
5560,21
5561,10
5562,29
5563,2
5564,9
5565,16
5566,5
5567,10
5568,4
5569,6
5570,8
5571,15
5572,7
5573,12
5574,12
5575,11
5576,9
5577,2
5578,10
5579,7
5580,2
5581,2
5582,6
5583,4
5584,3
5585,16
5586,1
5587,4
5588,6
5589,8
5590,11
5591,5
5592,8
5593,16
5594,10
5595,7
5596,7
5597,1
5598,12
5599,11
5600,3
5601,12
5602,3
5603,8
5604,7
5605,3
5606,8
5607,12
5608,5
5609,2
5610,7
5611,4
5612,10
5613,17
5614,6
5615,9
5616,12
5617,4
5618,9
5619,18
5620,15
5621,3
5622,13
5623,2
5624,11
5625,6
5626,3
5627,2
5628,9
5629,11
5630,14
5631,3
5632,8
5633,12
5634,15
5635,4
5636,3
5637,15
5638,26
5639,19
5640,23
5641,3
5642,4
5643,1
5644,17
5645,1
5646,4
5647,1
5648,5
5649,5
5650,8
5651,9
5652,4
5653,13
5654,2
5655,8
5656,15
5657,5
5658,2
5659,29
5660,2
5661,22
5662,4
5663,12
5664,3
5665,5
5666,2
5667,22
5668,10
5669,2
5670,2
5671,1
5672,6
5673,18
5674,3
5675,7
5676,3
5677,6
5678,6
5679,10
5680,14
5681,8
5682,15
5683,11
5684,5
5685,4
5686,5
5687,10
5688,4
5689,17
5690,8
5691,4
5692,7
5693,12
5694,1
5695,7
5696,20
5697,8
5698,9
5699,6
5700,9
5701,2
5702,22
5703,5
5704,5
5705,17
5706,20
5707,6
5708,6
5709,4
5710,1
5711,9
5712,1
5713,1
5714,12
5715,16
5716,4
5717,3
5718,1
5719,6
5720,10
5721,4
5722,1
5723,1
5724,8
5725,16
5726,9
5727,3
5728,24
5729,1
5730,1
5731,13
5732,2
5733,1
5734,22
5735,7
5736,10
5737,1
5738,16
5739,16
5740,15
5741,3
5742,14
5743,13
5744,9
5745,10
5746,14
5747,12
5748,8
5749,10
5750,1
5751,4
5752,5
5753,15
5754,10
5755,18
5756,4
5757,7
5758,16
5759,4
5760,35
5761,4
5762,11
5763,11
5764,7
5765,9
5766,16
5767,2
5768,3
5769,3
5770,10
5771,19
5772,8
5773,1
5774,3
5775,27
5776,6
5777,2
5778,7
5779,19
5780,2
5781,12
5782,2
5783,6
5784,5
5785,8
5786,2
5787,2
5788,16
5789,18
5790,13
5791,6
5792,10
5793,10
5794,13
5795,5
5796,9
5797,9
5798,8
5799,1
5800,3
5801,5
5802,1
5803,1
5804,2
5805,15
5806,6
5807,10
5808,6
5809,17
5810,4
5811,3
5812,3
5813,3
5814,6
5815,3
5816,10
5817,3
5818,10
5819,10
5820,9
5821,3
5822,7
5823,2
5824,6
5825,1
5826,2
5827,7
5828,2
5829,1
5830,4
5831,7
5832,1
5833,8
5834,20
5835,6
5836,7
5837,2
5838,15
5839,23
5840,6
5841,7
5842,4
5843,5
5844,22
5845,2
5846,6
5847,7
5848,10
5849,18
5850,14
5851,1
5852,13
5853,11
5854,6
5855,15
5856,10
5857,1
5858,2
5859,5
5860,1
5861,5
5862,19
5863,2
5864,3
5865,4
5866,19
5867,6
5868,5
5869,5
5870,10
5871,7
5872,4
5873,3
5874,6
5875,24
5876,1
5877,4
5878,18
5879,4
5880,8
5881,12
5882,19
5883,10
5884,24
5885,13
5886,9
5887,2
5888,16
5889,5
5890,6
5891,5
5892,2
5893,11
5894,16
5895,1
5896,14
5897,2
5898,1
5899,11
5900,1
5901,12
5902,7
5903,4
5904,3
5905,15
5906,6
5907,7
5908,10
5909,4
5910,23
5911,3
5912,1
5913,3
5914,12
5915,7
5916,23
5917,9
5918,11
5919,8
5920,12
5921,1
5922,11
5923,22
5924,5
5925,6
5926,8
5927,11
5928,23
5929,28
5930,14
5931,3
5932,10
5933,2
5934,3
5935,14
5936,12
5937,12
5938,23
5939,17
5940,5
5941,18
5942,9
5943,11
5944,2
5945,3
5946,8
5947,1
5948,4
5949,4
5950,11
5951,15
5952,5
5953,2
5954,7
5955,9
5956,4
5957,12
5958,14
5959,5
5960,12
5961,1
5962,3
5963,7
5964,23
5965,32
5966,10
5967,3
5968,10
5969,7
5970,20
5971,8
5972,2
5973,5
5974,7
5975,4
5976,11
5977,13
5978,10
5979,6
5980,6
5981,2
5982,4
5983,9
5984,5
5985,15
5986,6
5987,2
5988,12
5989,9
5990,13
5991,6
5992,5
5993,3
5994,19
5995,2
5996,13
5997,21
5998,19
5999,12
6000,10
6001,7
6002,9
6003,1
6004,29
6005,4
6006,7
6007,1
6008,9
6009,2
6010,9
6011,2
6012,7
6013,11
6014,4
6015,8
6016,2
6017,7
6018,6
6019,4
6020,16
6021,11
6022,3
6023,12
6024,11
6025,14
6026,10
6027,10
6028,11
6029,13
6030,1
6031,29
6032,1
6033,14
6034,9
6035,22
6036,2
6037,9
6038,4
6039,4
6040,5
6041,8
6042,1
6043,3
6044,9
6045,5
6046,2
6047,6
6048,2
6049,6
6050,14
6051,1
6052,17
6053,21
6054,4
6055,17
6056,10
6057,8
6058,2
6059,1
6060,1
6061,2
6062,4
6063,7
6064,6
6065,8
6066,14
6067,6
6068,4
6069,26
6070,8
6071,20
6072,3
6073,18
6074,6
6075,3
6076,6
6077,7
6078,4
6079,2
6080,7
6081,3
6082,8
6083,5
6084,4
6085,13
6086,11
6087,5
6088,10
6089,11
6090,8
6091,1
6092,20
6093,2
6094,15
6095,7
6096,3
6097,7
6098,1
6099,2
6100,12
6101,9
6102,17
6103,2
6104,9
6105,2
6106,2
6107,3
6108,1
6109,8
6110,14
6111,6
6112,2
6113,7
6114,2
6115,6
6116,7
6117,2
6118,11
6119,3
6120,6
6121,5
6122,1
6123,4
6124,5
6125,7
6126,10
6127,4
6128,9
6129,10
6130,8
6131,6
6132,2
6133,7
6134,1
6135,14
6136,2
6137,11
6138,4
6139,4
6140,21
6141,3
6142,3
6143,4
6144,8
6145,5
6146,7
6147,2
6148,21
6149,2
6150,8
6151,6
6152,9
6153,5
6154,6
6155,7
6156,20
6157,3
6158,7
6159,1
6160,11
6161,9
6162,20
6163,11
6164,1
6165,9
6166,2
6167,11
6168,11
6169,2
6170,7
6171,3
6172,6
6173,3
6174,9
6175,3
6176,2
6177,6
6178,5
6179,7
6180,1
6181,4
6182,8
6183,1
6184,13
6185,23
6186,9
6187,5
6188,9
6189,16
6190,15
6191,13
6192,3
6193,4
6194,1
6195,8
6196,3
6197,5
6198,6
6199,21
6200,6
6201,11
6202,7
6203,2
6204,14
6205,12
6206,9
6207,1
6208,7
6209,3
6210,16
6211,12
6212,6
6213,4
6214,12
6215,23
6216,4
6217,21
6218,4
6219,6
6220,18
6221,9
6222,6
6223,8
6224,5
6225,3
6226,7
6227,7
6228,6
6229,13
6230,5
6231,6
6232,4
6233,23
6234,15
6235,11
6236,3
6237,10
6238,10
6239,9
6240,16
6241,2
6242,4
6243,2
6244,10
6245,2
6246,3
6247,13
6248,6
6249,1
6250,8
6251,13
6252,5
6253,7
6254,4
6255,12
6256,6
6257,19
6258,9
6259,9
6260,3
6261,7
6262,1
6263,5
6264,1
6265,11
6266,12
6267,13
6268,3
6269,1
6270,17
6271,2
6272,4
6273,11
6274,6
6275,15
6276,11
6277,12
6278,3
6279,2
6280,18
6281,6
6282,3
6283,8
6284,7
6285,2
6286,9
6287,20
6288,5
6289,5
6290,4
6291,3
6292,7
6293,7
6294,3
6295,3
6296,7
6297,4
6298,4
6299,2
6300,11
6301,13
6302,4
6303,11
6304,11
6305,6
6306,1
6307,2
6308,9
6309,9
6310,1
6311,2
6312,8
6313,24
6314,6
6315,15
6316,1
6317,20
6318,7
6319,9
6320,1
6321,1
6322,3
6323,6
6324,7
6325,14
6326,5
6327,1
6328,10
6329,18
6330,8
6331,2
6332,13
6333,5
6334,2
6335,3
6336,8
6337,11
6338,19
6339,20
6340,9
6341,7
6342,4
6343,5
6344,7
6345,2
6346,3
6347,10
6348,1
6349,9
6350,9
6351,12
6352,4
6353,20
6354,6
6355,6
6356,13
6357,25
6358,7
6359,7
6360,12
6361,16
6362,5
6363,8
6364,6
6365,9
6366,2
6367,3
6368,2
6369,4
6370,10
6371,14
6372,5
6373,8
6374,3
6375,9
6376,3
6377,17
6378,13
6379,5
6380,18
6381,7
6382,5
6383,14
6384,6
6385,3
6386,2
6387,7
6388,7
6389,4
6390,1
6391,3
6392,7
6393,7
6394,7
6395,9
6396,11
6397,7
6398,1
6399,10
6400,3
6401,4
6402,6
6403,2
6404,1
6405,18
6406,1
6407,3
6408,1
6409,7
6410,8
6411,12
6412,16
6413,11
6414,8
6415,1
6416,12
6417,17
6418,2
6419,2
6420,2
6421,13
6422,4
6423,6
6424,18
6425,14
6426,6
6427,3
6428,8
6429,9
6430,3
6431,13
6432,2
6433,21
6434,1
6435,6
6436,1
6437,16
6438,12
6439,2
6440,2
6441,5
6442,2
6443,5
6444,14
6445,4
6446,15
6447,3
6448,11
6449,9
6450,2
6451,4
6452,11
6453,2
6454,14
6455,9
6456,5
6457,12
6458,4
6459,14
6460,21
6461,11
6462,10
6463,10
6464,3
6465,24
6466,3
6467,10
6468,4
6469,8
6470,6
6471,1
6472,18
6473,1
6474,12
6475,20
6476,10
6477,17
6478,17
6479,8
6480,14
6481,17
6482,9
6483,7
6484,3
6485,28
6486,14
6487,10
6488,3
6489,19
6490,8
6491,5
6492,26
6493,19
6494,19
6495,11
6496,3
6497,22
6498,3
6499,1
6500,12
6501,11
6502,4
6503,4
6504,4
6505,15
6506,3
6507,11
6508,16
6509,1
6510,2
6511,15
6512,4
6513,8
6514,13
6515,11
6516,7
6517,7
6518,6
6519,5
6520,10
6521,7
6522,16
6523,2
6524,2
6525,12
6526,10
6527,3
6528,24
6529,1
6530,15
6531,24
6532,2
6533,14
6534,5
6535,7
6536,5
6537,3
6538,4
6539,1
6540,10
6541,2
6542,16
6543,4
6544,3
6545,2
6546,5
6547,9
6548,10
6549,8
6550,11
6551,4
6552,12
6553,8
6554,1
6555,10
6556,12
6557,1
6558,8
6559,16
6560,1
6561,1
6562,9
6563,20
6564,10
6565,12
6566,14
6567,5
6568,15
6569,1
6570,10
6571,3
6572,5
6573,7
6574,1
6575,5
6576,3
6577,10
6578,5
6579,3
6580,4
6581,5
6582,4
6583,6
6584,11
6585,7
6586,1
6587,5
6588,3
6589,8
6590,1
6591,13
6592,4
6593,13
6594,6
6595,12
6596,9
6597,10
6598,3
6599,16
6600,4
6601,3
6602,13
6603,16
6604,6
6605,17
6606,3
6607,6
6608,14
6609,7
6610,8
6611,3
6612,9
6613,16
6614,17
6615,3
6616,4
6617,13
6618,4
6619,8
6620,3
6621,6
6622,4
6623,1
6624,9
6625,14
6626,1
6627,17
6628,11
6629,16
6630,5
6631,2
6632,22
6633,7
6634,11
6635,16
6636,11
6637,7
6638,2
6639,1
6640,5
6641,20
6642,3
6643,17
6644,8
6645,13
6646,7
6647,8
6648,6
6649,8
6650,8
6651,1
6652,4
6653,6
6654,13
6655,11
6656,7
6657,15
6658,8
6659,10
6660,2
6661,3
6662,10
6663,17
6664,8
6665,3
6666,12
6667,9
6668,4
6669,15
6670,11
6671,3
6672,6
6673,3
6674,9
6675,7
6676,10
6677,7
6678,2
6679,5
6680,8
6681,14
6682,1
6683,5
6684,5
6685,15
6686,16
6687,22
6688,4
6689,6
6690,3
6691,16
6692,10
6693,12
6694,1
6695,10
6696,6
6697,17
6698,15
6699,16
6700,11
6701,7
6702,18
6703,3
6704,6
6705,9
6706,5
6707,5
6708,5
6709,15
6710,24
6711,11
6712,6
6713,2
6714,16
6715,13
6716,1
6717,3
6718,29
6719,2
6720,1
6721,12
6722,19
6723,9
6724,12
6725,1
6726,12
6727,7
6728,11
6729,2
6730,10
6731,3
6732,7
6733,5
6734,8
6735,6
6736,7
6737,17
6738,2
6739,1
6740,19
6741,8
6742,4
6743,6
6744,6
6745,11
6746,10
6747,15
6748,13
6749,15
6750,9
6751,12
6752,7
6753,10
6754,11
6755,19
6756,9
6757,7
6758,3
6759,3
6760,6
6761,13
6762,2
6763,1
6764,1
6765,11
6766,3
6767,5
6768,1
6769,1
6770,7
6771,10
6772,2
6773,1
6774,10
6775,18
6776,1
6777,8
6778,15
6779,17
6780,5
6781,2
6782,4
6783,5
6784,20
6785,1
6786,9
6787,10
6788,3
6789,5
6790,3
6791,30
6792,7
6793,4
6794,3
6795,17
6796,7
6797,4
6798,7
6799,1
6800,9
6801,6
6802,3
6803,2
6804,5
6805,19
6806,2
6807,4
6808,7
6809,9
6810,20
6811,2
6812,13
6813,5
6814,5
6815,6
6816,7
6817,1
6818,2
6819,6
6820,3
6821,2
6822,6
6823,7
6824,22
6825,8
6826,4
6827,10
6828,10
6829,15
6830,1
6831,5
6832,2
6833,10
6834,3
6835,12
6836,5
6837,4
6838,7
6839,1
6840,7
6841,4
6842,7
6843,13
6844,6
6845,2
6846,5
6847,1
6848,13
6849,4
6850,7
6851,12
6852,18
6853,12
6854,15
6855,7
6856,1
6857,6
6858,2
6859,3
6860,4
6861,7
6862,4
6863,4
6864,9
6865,19
6866,12
6867,1
6868,1
6869,3
6870,2
6871,9
6872,19
6873,11
6874,6
6875,19
6876,10
6877,2
6878,9
6879,7
6880,1
6881,2
6882,2
6883,4
6884,14
6885,3
6886,4
6887,9
6888,6
6889,8
6890,14
6891,2
6892,5
6893,5
6894,6
6895,3
6896,7
6897,9
6898,1
6899,1
6900,9
6901,2
6902,1
6903,17
6904,18
6905,8
6906,3
6907,16
6908,11
6909,1
6910,2
6911,8
6912,8
6913,13
6914,13
6915,15
6916,19
6917,2
6918,2
6919,5
6920,4
6921,18
6922,5
6923,3
6924,27
6925,1
6926,4
6927,2
6928,16
6929,20
6930,2
6931,3
6932,14
6933,12
6934,18
6935,3
6936,4
6937,6
6938,15
6939,8
6940,15
6941,6
6942,2
6943,23
6944,5
6945,25
6946,10
6947,1
6948,20
6949,28
6950,11
6951,6
6952,4
6953,14
6954,26
6955,11
6956,21
6957,14
6958,26
6959,17
6960,20
6961,2
6962,2
6963,1
6964,2
6965,16
6966,16
6967,2
6968,31
6969,16
6970,27
6971,9
6972,4
6973,5
6974,1
6975,20
6976,15
6977,7
6978,1
6979,5
6980,2
6981,6
6982,12
6983,5
6984,12
6985,15
6986,1
6987,7
6988,19
6989,9
6990,5
6991,7
6992,24
6993,5
6994,28
6995,21
6996,6
6997,23
6998,15
6999,1
7000,10
7001,4
7002,21
7003,8
7004,1
7005,1
7006,14
7007,22
7008,15
7009,6
7010,12
7011,5
7012,4
7013,11
7014,14
7015,8
7016,6
7017,8
7018,12
7019,5
7020,25
7021,8
7022,3
7023,14
7024,12
7025,26
7026,12
7027,13
7028,29
7029,3
7030,25
7031,24
7032,4
7033,4
7034,28
7035,1
7036,9
7037,18
7038,2
7039,24
7040,7
7041,9
7042,23
7043,13
7044,7
7045,16
7046,10
7047,20
7048,19
7049,8
7050,19
7051,1
7052,28
7053,6
7054,1
7055,9
7056,16
7057,5
7058,37
7059,10
7060,6
7061,11
7062,4
7063,23
7064,14
7065,9
7066,1
7067,6
7068,3
7069,3
7070,12
7071,4
7072,7
7073,4
7074,15
7075,18
7076,11
7077,3
7078,15
7079,5
7080,3
7081,2
7082,2
7083,17
7084,32
7085,8
7086,19
7087,12
7088,14
7089,20
7090,12
7091,11
7092,3
7093,11
7094,8
7095,1
7096,11
7097,8
7098,6
7099,6
7100,13
7101,25
7102,5
7103,12
7104,11
7105,2
7106,7
7107,7
7108,3
7109,20
7110,8
7111,3
7112,8
7113,7
7114,1
7115,14
7116,7
7117,4
7118,5
7119,5
7120,15
7121,3
7122,6
7123,11
7124,10
7125,20
7126,10
7127,19
7128,5
7129,2
7130,26
7131,15
7132,11
7133,9
7134,2
7135,10
7136,10
7137,10
7138,19
7139,4
7140,15
7141,9
7142,15
7143,2
7144,13
7145,20
7146,16
7147,4
7148,9
7149,8
7150,19
7151,7
7152,2
7153,18
7154,5
7155,3
7156,15
7157,13
7158,3
7159,4
7160,13
7161,6
7162,8
7163,15
7164,7
7165,3
7166,7
7167,10
7168,16
7169,8
7170,4
7171,12
7172,7
7173,3
7174,3
7175,19
7176,22
7177,16
7178,7
7179,9
7180,8
7181,3
7182,14
7183,6
7184,5
7185,3
7186,11
7187,23
7188,18
7189,12
7190,17
7191,2
7192,11
7193,8
7194,7
7195,4
7196,5
7197,13
7198,4
7199,13
7200,14
7201,3
7202,1
7203,9
7204,19
7205,25
7206,14
7207,2
7208,3
7209,1
7210,9
7211,12
7212,1
7213,4
7214,6
7215,11
7216,3
7217,15
7218,1
7219,17
7220,2
7221,3
7222,3
7223,4
7224,20
7225,14
7226,5
7227,11
7228,11
7229,9
7230,18
7231,7
7232,10
7233,36
7234,11
7235,15
7236,4
7237,6
7238,18
7239,2
7240,17
7241,30
7242,23
7243,2
7244,23
7245,21
7246,13
7247,12
7248,15
7249,16
7250,22
7251,15
7252,14
7253,1
7254,16
7255,14
7256,23
7257,11
7258,15
7259,7
7260,18
7261,6
7262,3
7263,8
7264,3
7265,14
7266,12
7267,6
7268,10
7269,3
7270,1
7271,1
7272,3
7273,2
7274,18
7275,3
7276,6
7277,21
7278,10
7279,19
7280,5
7281,24
7282,18
7283,22
7284,1
7285,10
7286,3
7287,5
7288,24
7289,8
7290,6
7291,3
7292,7
7293,3
7294,21
7295,15
7296,7
7297,8
7298,12
7299,15
7300,23
7301,5
7302,7
7303,41
7304,17
7305,31
7306,3
7307,15
7308,9
7309,1
7310,12
7311,4
7312,5
7313,3
7314,5
7315,5
7316,24
7317,4
7318,2
7319,5
7320,3
7321,5
7322,8
7323,4
7324,17
7325,2
7326,10
7327,7
7328,41
7329,11
7330,6
7331,7
7332,8
7333,10
7334,22
7335,6
7336,6
7337,12
7338,13
7339,7
7340,3
7341,4
7342,1
7343,8
7344,13
7345,4
7346,1
7347,1
7348,2
7349,26
7350,7
7351,7
7352,2
7353,6
7354,21
7355,8
7356,7
7357,16
7358,10
7359,13
7360,6
7361,2
7362,5
7363,35
7364,20
7365,11
7366,6
7367,3
7368,12
7369,11
7370,12
7371,12
7372,8
7373,14
7374,2
7375,13
7376,14
7377,12
7378,6
7379,11
7380,6
7381,3
7382,20
7383,6
7384,1
7385,17
7386,4
7387,3
7388,6
7389,1
7390,17
7391,1
7392,10
7393,13
7394,2
7395,22
7396,8
7397,8
7398,21
7399,12
7400,5
7401,18
7402,4
7403,28
7404,5
7405,21
7406,12
7407,7
7408,22
7409,18
7410,17
7411,9
7412,13
7413,12
7414,23
7415,7
7416,2
7417,13
7418,13
7419,14
7420,4
7421,16
7422,1
7423,27
7424,18
7425,2
7426,8
7427,15
7428,9
7429,5
7430,2
7431,10
7432,1
7433,12
7434,7
7435,3
7436,13
7437,8
7438,2
7439,9
7440,4
7441,9
7442,15
7443,3
7444,12
7445,15
7446,6
7447,5
7448,7
7449,12
7450,7
7451,13
7452,7
7453,11
7454,9
7455,22
7456,2
7457,7
7458,7
7459,3
7460,2
7461,18
7462,13
7463,9
7464,7
7465,9
7466,6
7467,12
7468,10
7469,1
7470,21
7471,6
7472,6
7473,22
7474,13
7475,13
7476,13
7477,8
7478,9
7479,6
7480,2
7481,17
7482,30
7483,5
7484,18
7485,5
7486,2
7487,14
7488,1
7489,25
7490,12
7491,8
7492,1
7493,9
7494,2
7495,5
7496,9
7497,6
7498,16
7499,1
7500,2
7501,9
7502,3
7503,10
7504,7
7505,7
7506,6
7507,6
7508,12
7509,3
7510,7
7511,9
7512,13
7513,15
7514,9
7515,6
7516,20
7517,4
7518,14
7519,6
7520,3
7521,21
7522,3
7523,17
7524,2
7525,4
7526,6
7527,1
7528,1
7529,11
7530,6
7531,5
7532,5
7533,3
7534,4
7535,4
7536,1
7537,4
7538,9
7539,1
7540,18
7541,4
7542,19
7543,10
7544,15
7545,8
7546,5
7547,12
7548,9
7549,14
7550,6
7551,1
7552,6
7553,1
7554,12
7555,1
7556,7
7557,5
7558,3
7559,12
7560,4
7561,4
7562,3
7563,6
7564,6
7565,2
7566,2
7567,4
7568,2
7569,1
7570,7
7571,16
7572,1
7573,1
7574,12
7575,2
7576,2
7577,5
7578,11
7579,7
7580,5
7581,13
7582,10
7583,5
7584,7
7585,13
7586,7
7587,4
7588,8
7589,5
7590,5
7591,11
7592,3
7593,12
7594,7
7595,4
7596,6
7597,3
7598,5
7599,20
7600,11
7601,2
7602,10
7603,4
7604,17
7605,3
7606,1
7607,4
7608,6
7609,4
7610,2
7611,7
7612,1
7613,4
7614,1
7615,12
7616,1
7617,11
7618,23
7619,11
7620,12
7621,2
7622,15
7623,4
7624,2
7625,17
7626,10
7627,2
7628,7
7629,2
7630,9
7631,6
7632,4
7633,11
7634,3
7635,1
7636,1
7637,9
7638,1
7639,19
7640,5
7641,13
7642,4
7643,7
7644,9
7645,15
7646,6
7647,3
7648,1
7649,1
7650,7
7651,10
7652,5
7653,9
7654,1
7655,5
7656,16
7657,18
7658,2
7659,7
7660,8
7661,5
7662,9
7663,2
7664,9
7665,8
7666,12
7667,5
7668,12
7669,17
7670,6
7671,10
7672,2
7673,12
7674,9
7675,3
7676,2
7677,13
7678,3
7679,3
7680,3
7681,5
7682,2
7683,12
7684,5
7685,2
7686,1
7687,5
7688,7
7689,3
7690,4
7691,2
7692,2
7693,3
7694,1
7695,10
7696,3
7697,7
7698,16
7699,13
7700,30
7701,4
7702,7
7703,1
7704,10
7705,8
7706,9
7707,3
7708,20
7709,2
7710,3
7711,3
7712,14
7713,1
7714,10
7715,2
7716,4
7717,7
7718,3
7719,8
7720,5
7721,4
7722,1
7723,2
7724,9
7725,7
7726,18
7727,3
7728,6
7729,18
7730,4
7731,4
7732,20
7733,5
7734,6
7735,3
7736,15
7737,14
7738,14
7739,9
7740,19
7741,12
7742,9
7743,5
7744,3
7745,13
7746,2
7747,11
7748,6
7749,7
7750,6
7751,2
7752,6
7753,1
7754,1
7755,14
7756,2
7757,1
7758,6
7759,3
7760,4
7761,8
7762,13
7763,11
7764,2
7765,3
7766,6
7767,3
7768,5
7769,12
7770,5
7771,5
7772,26
7773,3
7774,9
7775,5
7776,7
7777,15
7778,10
7779,7
7780,5
7781,5
7782,3
7783,7
7784,8
7785,15
7786,19
7787,3
7788,7
7789,3
7790,2
7791,11
7792,1
7793,1
7794,7
7795,4
7796,4
7797,12
7798,11
7799,1
7800,18
7801,1
7802,8
7803,5
7804,7
7805,2
7806,5
7807,9
7808,4
7809,1
7810,5
7811,11
7812,3
7813,9
7814,10
7815,4
7816,4
7817,3
7818,1
7819,6
7820,3
7821,6
7822,10
7823,9
7824,8
7825,6
7826,1
7827,3
7828,17
7829,7
7830,6
7831,2
7832,11
7833,6
7834,8
7835,1
7836,9
7837,7
7838,9
7839,1
7840,9
7841,3
7842,27
7843,5
7844,11
7845,5
7846,10
7847,3
7848,3
7849,8
7850,10
7851,2
7852,15
7853,5
7854,17
7855,2
7856,7
7857,4
7858,3
7859,14
7860,4
7861,11
7862,11
7863,5
7864,11
7865,14
7866,4
7867,11
7868,12
7869,9
7870,5
7871,4
7872,2
7873,8
7874,7
7875,2
7876,6
7877,17
7878,11
7879,2
7880,6
7881,7
7882,10
7883,3
7884,9
7885,1
7886,9
7887,8
7888,1
7889,2
7890,9
7891,5
7892,2
7893,13
7894,12
7895,13
7896,9
7897,15
7898,16
7899,1
7900,11
7901,7
7902,16
7903,8
7904,4
7905,27
7906,2
7907,10
7908,2
7909,9
7910,6
7911,12
7912,1
7913,4
7914,23
7915,17
7916,4
7917,10
7918,6
7919,9
7920,3
7921,13
7922,9
7923,7
7924,4
7925,3
7926,3
7927,1
7928,1
7929,2
7930,4
7931,23
7932,3
7933,9
7934,3
7935,5
7936,2
7937,13
7938,7
7939,24
7940,14
7941,6
7942,13
7943,6
7944,7
7945,18
7946,18
7947,8
7948,4
7949,5
7950,5
7951,7
7952,9
7953,9
7954,3
7955,8
7956,13
7957,2
7958,21
7959,10
7960,21
7961,8
7962,6
7963,5
7964,7
7965,13
7966,8
7967,2
7968,2
7969,4
7970,22
7971,10
7972,10
7973,27
7974,16
7975,4
7976,1
7977,9
7978,12
7979,10
7980,3
7981,3
7982,4
7983,3
7984,20
7985,8
7986,3
7987,6
7988,12
7989,1
7990,1
7991,3
7992,14
7993,2
7994,2
7995,3
7996,6
7997,7
7998,13
7999,2
8000,20
8001,12
8002,4
8003,3
8004,4
8005,1
8006,2
8007,5
8008,16
8009,12
8010,6
8011,7
8012,4
8013,19
8014,3
8015,1
8016,16
8017,8
8018,21
8019,1
8020,6
8021,3
8022,4
8023,2
8024,2
8025,10
8026,4
8027,9
8028,8
8029,2
8030,13
8031,5
8032,1
8033,13
8034,8
8035,18
8036,3
8037,5
8038,15
8039,14
8040,1
8041,7
8042,1
8043,2
8044,13
8045,9
8046,8
8047,6
8048,3
8049,5
8050,3
8051,7
8052,4
8053,8
8054,11
8055,3
8056,7
8057,1
8058,12
8059,3
8060,17
8061,5
8062,18
8063,2
8064,1
8065,10
8066,13
8067,3
8068,6
8069,9
8070,1
8071,6
8072,16
8073,12
8074,15
8075,2
8076,8
8077,11
8078,3
8079,1
8080,2
8081,13
8082,5
8083,6
8084,5
8085,5
8086,3
8087,25
8088,7
8089,4
8090,12
8091,17
8092,2
8093,10
8094,2
8095,2
8096,9
8097,7
8098,14
8099,9
8100,7
8101,10
8102,13
8103,5
8104,6
8105,11
8106,7
8107,4
8108,8
8109,5
8110,9
8111,7
8112,7
8113,5
8114,7
8115,2
8116,1
8117,4
8118,3
8119,7
8120,13
8121,12
8122,2
8123,7
8124,5
8125,11
8126,23
8127,2
8128,3
8129,3
8130,3
8131,4
8132,8
8133,2
8134,3
8135,1
8136,19
8137,2
8138,5
8139,2
8140,11
8141,9
8142,4
8143,16
8144,3
8145,4
8146,1
8147,5
8148,14
8149,2
8150,8
8151,17
8152,3
8153,4
8154,12
8155,3
8156,4
8157,3
8158,10
8159,6
8160,5
8161,10
8162,14
8163,9
8164,16
8165,21
8166,13
8167,7
8168,15
8169,9
8170,15
8171,20
8172,2
8173,4
8174,5
8175,3
8176,11
8177,4
8178,18
8179,13
8180,6
8181,2
8182,11
8183,10
8184,12
8185,10
8186,10
8187,6
8188,4
8189,5
8190,12
8191,3
8192,5
8193,5
8194,5
8195,32
8196,15
8197,14
8198,7
8199,4
8200,10
8201,5
8202,3
8203,23
8204,1
8205,11
8206,10
8207,4
8208,5
8209,14
8210,8
8211,12
8212,1
8213,26
8214,15
8215,4
8216,8
8217,9
8218,9
8219,9
8220,12
8221,17
8222,1
8223,14
8224,3
8225,8
8226,4
8227,7
8228,1
8229,9
8230,6
8231,13
8232,9
8233,3
8234,23
8235,14
8236,8
8237,3
8238,4
8239,14
8240,4
8241,5
8242,7
8243,7
8244,8
8245,3
8246,9
8247,8
8248,10
8249,9
8250,17
8251,3
8252,2
8253,7
8254,14
8255,9
8256,3
8257,8
8258,3
8259,3
8260,9
8261,7
8262,7
8263,4
8264,16
8265,3
8266,7
8267,8
8268,7
8269,8
8270,6
8271,8
8272,2
8273,7
8274,9
8275,2
8276,25
8277,1
8278,5
8279,11
8280,17
8281,22
8282,6
8283,5
8284,8
8285,10
8286,10
8287,6
8288,9
8289,4
8290,17
8291,7
8292,7
8293,3
8294,13
8295,24
8296,1
8297,11
8298,7
8299,6
8300,6
8301,7
8302,10
8303,4
8304,1
8305,8
8306,14
8307,2
8308,2
8309,17
8310,1
8311,4
8312,6
8313,2
8314,8
8315,2
8316,13
8317,8
8318,17
8319,15
8320,12
8321,8
8322,15
8323,2
8324,12
8325,2
8326,13
8327,7
8328,10
8329,8
8330,7
8331,8
8332,3
8333,5
8334,4
8335,12
8336,6
8337,27
8338,9
8339,12
8340,11
8341,10
8342,9
8343,1
8344,7
8345,2
8346,5
8347,12
8348,9
8349,3
8350,8
8351,11
8352,1
8353,18
8354,1
8355,13
8356,6
8357,4
8358,6
8359,7
8360,7
8361,6
8362,7
8363,14
8364,1
8365,1
8366,10
8367,8
8368,14
8369,16
8370,1
8371,4
8372,9
8373,4
8374,5
8375,7
8376,6
8377,3
8378,2
8379,3
8380,11
8381,7
8382,11
8383,10
8384,1
8385,10
8386,8
8387,10
8388,3
8389,20
8390,13
8391,13
8392,21
8393,9
8394,3
8395,1
8396,10
8397,7
8398,8
8399,15
8400,9
8401,3
8402,11
8403,18
8404,3
8405,7
8406,12
8407,4
8408,5
8409,26
8410,13
8411,13
8412,18
8413,11
8414,17
8415,2
8416,4
8417,24
8418,5
8419,5
8420,7
8421,4
8422,5
8423,5
8424,9
8425,2
8426,11
8427,16
8428,9
8429,11
8430,13
8431,2
8432,12
8433,10
8434,9
8435,12
8436,6
8437,15
8438,2
8439,3
8440,14
8441,13
8442,8
8443,20
8444,9
8445,1
8446,1
8447,9
8448,3
8449,5
8450,1
8451,5
8452,22
8453,15
8454,9
8455,17
8456,7
8457,2
8458,4
8459,11
8460,12
8461,2
8462,1
8463,2
8464,2
8465,1
8466,15
8467,10
8468,6
8469,18
8470,6
8471,17
8472,1
8473,29
8474,8
8475,14
8476,7
8477,6
8478,2
8479,14
8480,4
8481,12
8482,8
8483,13
8484,3
8485,22
8486,9
8487,10
8488,12
8489,2
8490,2
8491,5
8492,16
8493,11
8494,2
8495,3
8496,2
8497,7
8498,12
8499,20
8500,2
8501,5
8502,13
8503,3
8504,3
8505,16
8506,13
8507,2
8508,3
8509,6
8510,23
8511,5
8512,9
8513,12
8514,7
8515,26
8516,2
8517,2
8518,5
8519,3
8520,5
8521,4
8522,16
8523,5
8524,12
8525,7
8526,4
8527,5
8528,4
8529,4
8530,20
8531,5
8532,14
8533,5
8534,27
8535,4
8536,6
8537,5
8538,11
8539,10
8540,3
8541,20
8542,4
8543,19
8544,26
8545,16
8546,21
8547,10
8548,5
8549,15
8550,8
8551,6
8552,13
8553,21
8554,9
8555,10
8556,3
8557,8
8558,14
8559,14
8560,4
8561,11
8562,9
8563,7
8564,4
8565,3
8566,12
8567,1
8568,15
8569,12
8570,2
8571,17
8572,1
8573,6
8574,5
8575,14
8576,17
8577,4
8578,2
8579,1
8580,3
8581,10
8582,10
8583,2
8584,4
8585,13
8586,1
8587,3
8588,2
8589,18
8590,9
8591,6
8592,3
8593,10
8594,12
8595,1
8596,11
8597,7
8598,2
8599,6
8600,3
8601,7
8602,9
8603,13
8604,14
8605,6
8606,6
8607,17
8608,7
8609,19
8610,19
8611,3
8612,12
8613,4
8614,17
8615,1
8616,12
8617,4
8618,5
8619,3
8620,7
8621,10
8622,1
8623,1
8624,21
8625,10
8626,5
8627,2
8628,15
8629,7
8630,10
8631,9
8632,1
8633,8
8634,12
8635,9
8636,3
8637,21
8638,6
8639,6
8640,11
8641,12
8642,5
8643,2
8644,5
8645,9
8646,13
8647,1
8648,3
8649,13
8650,10
8651,1
8652,16
8653,12
8654,5
8655,4
8656,1
8657,7
8658,1
8659,7
8660,12
8661,8
8662,6
8663,7
8664,15
8665,23
8666,4
8667,14
8668,7
8669,1
8670,4
8671,3
8672,7
8673,6
8674,7
8675,12
8676,14
8677,22
8678,18
8679,8
8680,1
8681,11
8682,4
8683,5
8684,5
8685,2
8686,1
8687,10
8688,24
8689,12
8690,15
8691,4
8692,20
8693,7
8694,6
8695,19
8696,3
8697,1
8698,2
8699,5
8700,4
8701,9
8702,19
8703,6
8704,7
8705,2
8706,7
8707,1
8708,28
8709,13
8710,6
8711,9
8712,18
8713,2
8714,8
8715,4
8716,15
8717,12
8718,7
8719,4
8720,8
8721,6
8722,24
8723,10
8724,6
8725,21
8726,18
8727,13
8728,3
8729,6
8730,3
8731,6
8732,10
8733,3
8734,4
8735,32
8736,2
8737,10
8738,17
8739,5
8740,11
8741,15
8742,18
8743,4
8744,8
8745,12
8746,1
8747,3
8748,8
8749,10
8750,19
8751,14
8752,3
8753,9
8754,19
8755,1
8756,10
8757,6
8758,1
8759,9
8760,7
8761,11
8762,6
8763,4
8764,19
8765,9
8766,12
8767,18
8768,5
8769,1
8770,6
8771,21
8772,3
8773,19
8774,3
8775,2
8776,18
8777,8
8778,16
8779,4
8780,7
8781,17
8782,1
8783,7
8784,1
8785,7
8786,9
8787,7
8788,42
8789,3
8790,2
8791,2
8792,5
8793,13
8794,6
8795,4
8796,14
8797,25
8798,5
8799,2
8800,6
8801,5
8802,8
8803,9
8804,3
8805,4
8806,2
8807,10
8808,3
8809,29
8810,8
8811,13
8812,13
8813,7
8814,14
8815,8
8816,6
8817,8
8818,6
8819,15
8820,1
8821,7
8822,7
8823,8
8824,7
8825,1
8826,23
8827,3
8828,1
8829,1
8830,13
8831,11
8832,9
8833,1
8834,9
8835,10
8836,1
8837,3
8838,3
8839,4
8840,4
8841,11
8842,15
8843,5
8844,4
8845,8
8846,11
8847,8
8848,24
8849,6
8850,1
8851,5
8852,9
8853,1
8854,5
8855,18
8856,11
8857,10
8858,1
8859,7
8860,1
8861,10
8862,2
8863,3
8864,15
8865,1
8866,10
8867,9
8868,11
8869,6
8870,11
8871,9
8872,9
8873,8
8874,1
8875,4
8876,2
8877,2
8878,2
8879,2
8880,19
8881,6
8882,9
8883,14
8884,8
8885,4
8886,18
8887,20
8888,15
8889,1
8890,14
8891,6
8892,15
8893,4
8894,8
8895,24
8896,21
8897,18
8898,6
8899,29
8900,1
8901,13
8902,2
8903,21
8904,22
8905,13
8906,2
8907,9
8908,22
8909,21
8910,4
8911,4
8912,10
8913,35
8914,11
8915,3
8916,15
8917,2
8918,17
8919,5
8920,12
8921,4
8922,10
8923,21
8924,7
8925,21
8926,9
8927,23
8928,7
8929,2
8930,11
8931,3
8932,2
8933,4
8934,38
8935,15
8936,2
8937,8
8938,2
8939,14
8940,16
8941,4
8942,6
8943,7
8944,6
8945,18
8946,4
8947,18
8948,10
8949,14
8950,16
8951,6
8952,20
8953,9
8954,10
8955,16
8956,6
8957,15
8958,10
8959,18
8960,9
8961,13
8962,3
8963,22
8964,12
8965,14
8966,18
8967,19
8968,21
8969,25
8970,13
8971,5
8972,29
8973,4
8974,10
8975,6
8976,9
8977,12
8978,8
8979,13
8980,5
8981,11
8982,5
8983,9
8984,3
8985,11
8986,11
8987,1
8988,7
8989,4
8990,8
8991,17
8992,8
8993,13
8994,11
8995,13
8996,1
8997,17
8998,2
8999,10
9000,2
9001,9
9002,1
9003,19
9004,2
9005,2
9006,5
9007,12
9008,21
9009,5
9010,11
9011,3
9012,2
9013,2
9014,23
9015,16
9016,1
9017,2
9018,1
9019,2
9020,3
9021,13
9022,20
9023,15
9024,2
9025,3
9026,13
9027,3
9028,7
9029,13
9030,11
9031,15
9032,14
9033,3
9034,1
9035,2
9036,26
9037,4
9038,16
9039,2
9040,9
9041,13
9042,1
9043,1
9044,12
9045,7
9046,5
9047,6
9048,7
9049,5
9050,8
9051,3
9052,10
9053,16
9054,3
9055,2
9056,4
9057,8
9058,10
9059,2
9060,16
9061,11
9062,19
9063,10
9064,4
9065,1
9066,15
9067,16
9068,6
9069,16
9070,6
9071,10
9072,20
9073,9
9074,6
9075,6
9076,6
9077,24
9078,5
9079,7
9080,16
9081,11
9082,7
9083,17
9084,25
9085,7
9086,9
9087,6
9088,3
9089,3
9090,2
9091,12
9092,10
9093,10
9094,16
9095,16
9096,10
9097,13
9098,2
9099,12
9100,1
9101,1
9102,9
9103,27
9104,3
9105,24
9106,3
9107,29
9108,2
9109,18
9110,27
9111,1
9112,12
9113,5
9114,7
9115,16
9116,33
9117,6
9118,14
9119,4
9120,13
9121,4
9122,2
9123,7
9124,3
9125,13
9126,18
9127,1
9128,4
9129,7
9130,8
9131,23
9132,38
9133,5
9134,2
9135,3
9136,16
9137,7
9138,28
9139,2
9140,9
9141,12
9142,13
9143,10
9144,1
9145,23
9146,21
9147,4
9148,14
9149,10
9150,9
9151,10
9152,15
9153,2
9154,4
9155,22
9156,8
9157,14
9158,12
9159,9
9160,5
9161,2
9162,16
9163,8
9164,3
9165,4
9166,22
9167,3
9168,10
9169,32
9170,13
9171,33
9172,3
9173,26
9174,29
9175,5
9176,20
9177,27
9178,5
9179,9
9180,9
9181,11
9182,10
9183,19
9184,12
9185,40
9186,15
9187,4
9188,8
9189,9
9190,18
9191,2
9192,1
9193,20
9194,3
9195,11
9196,15
9197,18
9198,8
9199,22
9200,2
9201,2
9202,6
9203,32
9204,4
9205,5
9206,15
9207,5
9208,9
9209,12
9210,21
9211,3
9212,26
9213,2
9214,3
9215,10
9216,8
9217,12
9218,5
9219,1
9220,17
9221,23
9222,22
9223,10
9224,3
9225,5
9226,9
9227,15
9228,13
9229,3
9230,25
9231,1
9232,6
9233,8
9234,11
9235,7
9236,1
9237,11
9238,5
9239,10
9240,19
9241,4
9242,9
9243,10
9244,15
9245,8
9246,9
9247,8
9248,4
9249,14
9250,11
9251,11
9252,6
9253,11
9254,3
9255,6
9256,3
9257,6
9258,9
9259,1
9260,8
9261,5
9262,9
9263,21
9264,15
9265,6
9266,32
9267,5
9268,11
9269,6
9270,18
9271,13
9272,9
9273,3
9274,16
9275,9
9276,5
9277,1
9278,25
9279,14
9280,15
9281,2
9282,1
9283,33
9284,8
9285,26
9286,5
9287,3
9288,10
9289,2
9290,4
9291,1
9292,11
9293,6
9294,5
9295,8
9296,17
9297,8
9298,2
9299,8
9300,6
9301,3
9302,13
9303,13
9304,22
9305,12
9306,7
9307,5
9308,9
9309,12
9310,5
9311,5
9312,3
9313,6
9314,7
9315,11
9316,13
9317,3
9318,1
9319,3
9320,10
9321,7
9322,4
9323,25
9324,10
9325,7
9326,1
9327,11
9328,7
9329,18
9330,1
9331,10
9332,9
9333,5
9334,5
9335,8
9336,4
9337,20
9338,8
9339,2
9340,5
9341,14
9342,8
9343,6
9344,7
9345,11
9346,4
9347,15
9348,1
9349,3
9350,9
9351,22
9352,13
9353,17
9354,7
9355,3
9356,13
9357,3
9358,8
9359,11
9360,4
9361,6
9362,12
9363,5
9364,16
9365,2
9366,6
9367,2
9368,5
9369,12
9370,25
9371,13
9372,11
9373,3
9374,1
9375,14
9376,7
9377,2
9378,21
9379,18
9380,11
9381,23
9382,18
9383,5
9384,2
9385,3
9386,7
9387,18
9388,13
9389,8
9390,1
9391,8
9392,2
9393,11
9394,16
9395,14
9396,19
9397,11
9398,1
9399,32
9400,18
9401,4
9402,20
9403,14
9404,3
9405,11
9406,11
9407,8
9408,2
9409,6
9410,7
9411,11
9412,1
9413,10
9414,2
9415,8
9416,5
9417,8
9418,8
9419,3
9420,2
9421,3
9422,20
9423,4
9424,26
9425,3
9426,7
9427,14
9428,5
9429,29
9430,8
9431,6
9432,4
9433,2
9434,5
9435,27
9436,7
9437,8
9438,3
9439,11
9440,5
9441,8
9442,3
9443,8
9444,11
9445,15
9446,3
9447,14
9448,7
9449,7
9450,19
9451,3
9452,21
9453,8
9454,14
9455,7
9456,15
9457,16
9458,17
9459,7
9460,5
9461,3
9462,9
9463,24
9464,10
9465,12
9466,2
9467,9
9468,1
9469,7
9470,2
9471,3
9472,18
9473,15
9474,3
9475,13
9476,7
9477,16
9478,14
9479,1
9480,3
9481,15
9482,6
9483,4
9484,7
9485,18
9486,22
9487,7
9488,11
9489,9
9490,3
9491,6
9492,11
9493,15
9494,11
9495,18
9496,23
9497,10
9498,16
9499,1
9500,18
9501,7
9502,8
9503,15
9504,10
9505,7
9506,26
9507,4
9508,1
9509,21
9510,5
9511,1
9512,3
9513,2
9514,7
9515,14
9516,5
9517,30
9518,25
9519,13
9520,6
9521,14
9522,31
9523,16
9524,10
9525,8
9526,5
9527,16
9528,6
9529,8
9530,13
9531,6
9532,11
9533,1
9534,25
9535,10
9536,11
9537,3
9538,1
9539,13
9540,1
9541,1
9542,2
9543,11
9544,2
9545,9
9546,2
9547,2
9548,12
9549,5
9550,13
9551,4
9552,6
9553,3
9554,13
9555,12
9556,3
9557,15
9558,1
9559,18
9560,7
9561,3
9562,14
9563,11
9564,13
9565,7
9566,15
9567,9
9568,7
9569,10
9570,10
9571,2
9572,20
9573,10
9574,8
9575,13
9576,16
9577,4
9578,9
9579,22
9580,8
9581,4
9582,4
9583,4
9584,6
9585,5
9586,8
9587,14
9588,7
9589,4
9590,8
9591,9
9592,6
9593,10
9594,11
9595,11
9596,6
9597,7
9598,4
9599,18
9600,21
9601,6
9602,5
9603,6
9604,15
9605,3
9606,6
9607,4
9608,7
9609,9
9610,7
9611,12
9612,3
9613,17
9614,13
9615,4
9616,14
9617,4
9618,3
9619,8
9620,5
9621,8
9622,2
9623,7
9624,11
9625,6
9626,5
9627,21
9628,10
9629,2
9630,5
9631,12
9632,4
9633,6
9634,22
9635,7
9636,17
9637,16
9638,3
9639,14
9640,7
9641,21
9642,8
9643,7
9644,1
9645,11
9646,8
9647,8
9648,11
9649,5
9650,22
9651,1
9652,7
9653,3
9654,4
9655,16
9656,3
9657,24
9658,4
9659,2
9660,2
9661,2
9662,14
9663,3
9664,22
9665,22
9666,18
9667,7
9668,28
9669,23
9670,5
9671,9
9672,21
9673,3
9674,6
9675,2
9676,5
9677,1
9678,19
9679,14
9680,21
9681,2
9682,7
9683,1
9684,3
9685,24
9686,4
9687,8
9688,25
9689,2
9690,7
9691,5
9692,12
9693,6
9694,5
9695,8
9696,15
9697,15
9698,20
9699,15
9700,3
9701,1
9702,14
9703,2
9704,7
9705,2
9706,8
9707,26
9708,14
9709,20
9710,16
9711,9
9712,10
9713,10
9714,8
9715,3
9716,6
9717,6
9718,21
9719,12
9720,8
9721,3
9722,11
9723,12
9724,6
9725,27
9726,1
9727,8
9728,6
9729,8
9730,10
9731,13
9732,11
9733,6
9734,3
9735,23
9736,4
9737,1
9738,13
9739,18
9740,11
9741,6
9742,1
9743,1
9744,18
9745,5
9746,1
9747,9
9748,18
9749,14
9750,9
9751,8
9752,24
9753,5
9754,28
9755,4
9756,17
9757,22
9758,16
9759,3
9760,8
9761,21
9762,4
9763,6
9764,9
9765,2
9766,26
9767,9
9768,1
9769,9
9770,1
9771,17
9772,6
9773,14
9774,2
9775,8
9776,3
9777,14
9778,10
9779,6
9780,24
9781,7
9782,11
9783,3
9784,1
9785,9
9786,1
9787,3
9788,9
9789,6
9790,8
9791,1
9792,4
9793,3
9794,10
9795,9
9796,5
9797,3
9798,2
9799,10
9800,4
9801,8
9802,4
9803,36
9804,4
9805,1
9806,1
9807,2
9808,3
9809,13
9810,2
9811,11
9812,9
9813,1
9814,2
9815,4
9816,11
9817,3
9818,13
9819,5
9820,2
9821,21
9822,23
9823,10
9824,1
9825,13
9826,1
9827,4
9828,8
9829,7
9830,7
9831,3
9832,10
9833,9
9834,3
9835,14
9836,4
9837,8
9838,18
9839,11
9840,12
9841,12
9842,23
9843,6
9844,5
9845,6
9846,12
9847,13
9848,12
9849,3
9850,6
9851,10
9852,2
9853,10
9854,12
9855,2
9856,7
9857,17
9858,1
9859,5
9860,1
9861,4
9862,7
9863,5
9864,9
9865,19
9866,2
9867,13
9868,2
9869,1
9870,12
9871,1
9872,8
9873,9
9874,24
9875,6
9876,10
9877,21
9878,17
9879,6
9880,19
9881,10
9882,17
9883,3
9884,18
9885,16
9886,5
9887,11
9888,2
9889,10
9890,3
9891,16
9892,13
9893,3
9894,1
9895,17
9896,14
9897,1
9898,13
9899,6
9900,6
9901,13
9902,15
9903,5
9904,10
9905,9
9906,4
9907,1
9908,3
9909,6
9910,1
9911,6
9912,9
9913,14
9914,7
9915,24
9916,5
9917,11
9918,5
9919,16
9920,17
9921,1
9922,2
9923,1
9924,14
9925,11
9926,8
9927,6
9928,2
9929,9
9930,22
9931,5
9932,5
9933,4
9934,6
9935,2
9936,7
9937,8
9938,23
9939,4
9940,23
9941,4
9942,15
9943,13
9944,7
9945,27
9946,2
9947,1
9948,20
9949,1
9950,4
9951,5
9952,13
9953,23
9954,13
9955,4
9956,25
9957,24
9958,19
9959,19
9960,10
9961,7
9962,4
9963,4
9964,14
9965,7
9966,10
9967,7
9968,17
9969,1
9970,9
9971,9
9972,2
9973,5
9974,3
9975,10
9976,20
9977,19
9978,1
9979,14
9980,5
9981,14
9982,8
9983,8
9984,12
9985,6
9986,5
9987,12
9988,7
9989,2
9990,12
9991,1
9992,15
9993,11
9994,6
9995,21
9996,9
9997,4
9998,5
9999,3
10000,23
10001,1
10002,3
10003,6
10004,3
10005,18
10006,1
10007,6
10008,1
10009,9
10010,8
10011,7
10012,6
10013,7
10014,4
10015,5
10016,12
10017,17
10018,3
10019,4
10020,2
10021,9
10022,17
10023,5
10024,10
10025,1
10026,2
10027,12
10028,6
10029,18
10030,9
10031,13
10032,4
10033,3
10034,8
10035,4
10036,1
10037,3
10038,7
10039,2
10040,5
10041,2
10042,1
10043,2
10044,14
10045,2
10046,11
10047,4
10048,6
10049,4
10050,5
10051,2
10052,13
10053,10
10054,2
10055,8
10056,3
10057,16
10058,6
10059,15
10060,16
10061,3
10062,13
10063,7
10064,7
10065,2
10066,1
10067,1
10068,10
10069,1
10070,9
10071,14
10072,4
10073,2
10074,6
10075,16
10076,5
10077,1
10078,9
10079,3
10080,8
10081,4
10082,17
10083,6
10084,2
10085,1
10086,5
10087,6
10088,4
10089,9
10090,13
10091,3
10092,14
10093,5
10094,7
10095,17
10096,15
10097,7
10098,8
10099,15
10100,14
10101,11
10102,12
10103,6
10104,6
10105,5
10106,16
10107,1
10108,21
10109,6
10110,16
10111,3
10112,11
10113,5
10114,7
10115,2
10116,15
10117,1
10118,5
10119,3
10120,5
10121,2
10122,16
10123,7
10124,5
10125,4
10126,1
10127,1
10128,1
10129,6
10130,2
10131,3
10132,10
10133,7
10134,5
10135,4
10136,13
10137,5
10138,10
10139,8
10140,9
10141,2
10142,10
10143,7
10144,14
10145,2
10146,3
10147,3
10148,10
10149,4
10150,4
10151,3
10152,6
10153,5
10154,7
10155,12
10156,8
10157,2
10158,15
10159,10
10160,22
10161,8
10162,18
10163,13
10164,5
10165,5
10166,6
10167,4
10168,2
10169,10
10170,1
10171,9
10172,5
10173,17
10174,20
10175,2
10176,3
10177,6
10178,3
10179,4
10180,9
10181,6
10182,9
10183,2
10184,3
10185,9
10186,5
10187,5
10188,5
10189,8
10190,7
10191,1
10192,5
10193,11
10194,9
10195,14
10196,6
10197,7
10198,6
10199,10
10200,9
10201,6
10202,21
10203,24
10204,8
10205,19
10206,4
10207,21
10208,5
10209,6
10210,11
10211,10
10212,16
10213,16
10214,14
10215,4
10216,6
10217,12
10218,3
10219,6
10220,17
10221,13
10222,4
10223,12
10224,10
10225,2
10226,18
10227,7
10228,2
10229,2
10230,5
10231,1
10232,3
10233,9
10234,5
10235,8
10236,14
10237,8
10238,6
10239,8
10240,2
10241,1
10242,7
10243,16
10244,2
10245,3
10246,5
10247,14
10248,5
10249,5
10250,2
10251,2
10252,16
10253,8
10254,7
10255,5
10256,5
10257,3
10258,15
10259,9
10260,3
10261,12
10262,3
10263,3
10264,5
10265,9
10266,3
10267,4
10268,3
10269,8
10270,11
10271,12
10272,14
10273,22
10274,2
10275,8
10276,3
10277,14
10278,1
10279,1
10280,1
10281,3
10282,10
10283,2
10284,1
10285,2
10286,15
10287,5
10288,6
10289,13
10290,2
10291,2
10292,4
10293,7
10294,8
10295,4
10296,11
10297,5
10298,20
10299,14
10300,10
10301,14
10302,5
10303,13
10304,9
10305,13
10306,5
10307,3
10308,4
10309,4
10310,6
10311,10
10312,4
10313,10
10314,9
10315,9
10316,3
10317,5
10318,2
10319,5
10320,9
10321,11
10322,1
10323,5
10324,8
10325,3
10326,2
10327,5
10328,5
10329,7
10330,5
10331,2
10332,8
10333,15
10334,16
10335,14
10336,8
10337,5
10338,5
10339,3
10340,14
10341,5
10342,7
10343,10
10344,5
10345,9
10346,1
10347,7
10348,1
10349,16
10350,6
10351,14
10352,20
10353,14
10354,4
10355,14
10356,7
10357,8
10358,6
10359,7
10360,9
10361,9
10362,14
10363,2
10364,1
10365,9
10366,9
10367,8
10368,31
10369,23
10370,5
10371,11
10372,12
10373,13
10374,14
10375,11
10376,3
10377,2
10378,7
10379,4
10380,3
10381,4
10382,4
10383,8
10384,6
10385,1
10386,14
10387,2
10388,14
10389,14
10390,18
10391,4
10392,3
10393,27
10394,6
10395,1
